[
{
    "fields": {
        "domain": "example.com",
        "name": "example.com"
    },
    "model": "sites.site",
    "pk": 1
},
{
    "fields": {
        "model": "logentry",
        "app_label": "admin"
    },
    "model": "contenttypes.contenttype",
    "pk": 1
},
{
    "fields": {
        "model": "site",
        "app_label": "sites"
    },
    "model": "contenttypes.contenttype",
    "pk": 2
},
{
    "fields": {
        "model": "permission",
        "app_label": "auth"
    },
    "model": "contenttypes.contenttype",
    "pk": 3
},
{
    "fields": {
        "model": "group",
        "app_label": "auth"
    },
    "model": "contenttypes.contenttype",
    "pk": 4
},
{
    "fields": {
        "model": "user",
        "app_label": "auth"
    },
    "model": "contenttypes.contenttype",
    "pk": 5
},
{
    "fields": {
        "model": "contenttype",
        "app_label": "contenttypes"
    },
    "model": "contenttypes.contenttype",
    "pk": 6
},
{
    "fields": {
        "model": "session",
        "app_label": "sessions"
    },
    "model": "contenttypes.contenttype",
    "pk": 7
},
{
    "fields": {
        "model": "recurrence",
        "app_label": "recurrence"
    },
    "model": "contenttypes.contenttype",
    "pk": 8
},
{
    "fields": {
        "model": "rule",
        "app_label": "recurrence"
    },
    "model": "contenttypes.contenttype",
    "pk": 9
},
{
    "fields": {
        "model": "date",
        "app_label": "recurrence"
    },
    "model": "contenttypes.contenttype",
    "pk": 10
},
{
    "fields": {
        "model": "param",
        "app_label": "recurrence"
    },
    "model": "contenttypes.contenttype",
    "pk": 11
},
{
    "fields": {
        "model": "queue",
        "app_label": "kombu_transport_django"
    },
    "model": "contenttypes.contenttype",
    "pk": 12
},
{
    "fields": {
        "model": "message",
        "app_label": "kombu_transport_django"
    },
    "model": "contenttypes.contenttype",
    "pk": 13
},
{
    "fields": {
        "model": "account",
        "app_label": "blobs"
    },
    "model": "contenttypes.contenttype",
    "pk": 14
},
{
    "fields": {
        "model": "license",
        "app_label": "blobs"
    },
    "model": "contenttypes.contenttype",
    "pk": 15
},
{
    "fields": {
        "model": "blob",
        "app_label": "blobs"
    },
    "model": "contenttypes.contenttype",
    "pk": 16
},
{
    "fields": {
        "model": "blobupload",
        "app_label": "blobs"
    },
    "model": "contenttypes.contenttype",
    "pk": 17
},
{
    "fields": {
        "model": "newscategory",
        "app_label": "news"
    },
    "model": "contenttypes.contenttype",
    "pk": 18
},
{
    "fields": {
        "model": "newsshow",
        "app_label": "news"
    },
    "model": "contenttypes.contenttype",
    "pk": 19
},
{
    "fields": {
        "model": "newspodcast",
        "app_label": "news"
    },
    "model": "contenttypes.contenttype",
    "pk": 20
},
{
    "fields": {
        "model": "radiocategory",
        "app_label": "radio"
    },
    "model": "contenttypes.contenttype",
    "pk": 21
},
{
    "fields": {
        "model": "radioproducer",
        "app_label": "radio"
    },
    "model": "contenttypes.contenttype",
    "pk": 22
},
{
    "fields": {
        "model": "radioshow",
        "app_label": "radio"
    },
    "model": "contenttypes.contenttype",
    "pk": 23
},
{
    "fields": {
        "model": "radiopodcast",
        "app_label": "radio"
    },
    "model": "contenttypes.contenttype",
    "pk": 24
},
{
    "fields": {
        "model": "projectproducer",
        "app_label": "projects"
    },
    "model": "contenttypes.contenttype",
    "pk": 25
},
{
    "fields": {
        "model": "projectshow",
        "app_label": "projects"
    },
    "model": "contenttypes.contenttype",
    "pk": 26
},
{
    "fields": {
        "model": "projectpodcast",
        "app_label": "projects"
    },
    "model": "contenttypes.contenttype",
    "pk": 27
},
{
    "fields": {
        "model": "label",
        "app_label": "schedule"
    },
    "model": "contenttypes.contenttype",
    "pk": 28
},
{
    "fields": {
        "model": "broadcast",
        "app_label": "schedule"
    },
    "model": "contenttypes.contenttype",
    "pk": 29
},
{
    "fields": {
        "model": "widget",
        "app_label": "widgets"
    },
    "model": "contenttypes.contenttype",
    "pk": 30
},
{
    "fields": {
        "model": "event",
        "app_label": "events"
    },
    "model": "contenttypes.contenttype",
    "pk": 31
},
{
    "fields": {
        "model": "flatpage",
        "app_label": "flatpages"
    },
    "model": "contenttypes.contenttype",
    "pk": 32
},
{
    "fields": {
        "expire_date": "2015-08-05T11:58:02.030Z",
        "session_data": "OTE1YjQyYmZiYzkzNjViYWNjNWE3NWYxODUwZWVjODA0ZTlhZGI0ZTp7Il9hdXRoX3VzZXJfaGFzaCI6IjJkMWYyNmRiMDU5ZjliZmZkODE1YTQ3NGY2MjFlMWYyYjNhNGZjOTAiLCJfYXV0aF91c2VyX2JhY2tlbmQiOiJkamFuZ28uY29udHJpYi5hdXRoLmJhY2tlbmRzLk1vZGVsQmFja2VuZCIsIl9hdXRoX3VzZXJfaWQiOiIxIn0="
    },
    "model": "sessions.session",
    "pk": "5fkycs2urerqzwyt5z86srzai9nujaqj"
},
{
    "fields": {
        "expire_date": "2015-08-06T15:58:12.603Z",
        "session_data": "OTE1YjQyYmZiYzkzNjViYWNjNWE3NWYxODUwZWVjODA0ZTlhZGI0ZTp7Il9hdXRoX3VzZXJfaGFzaCI6IjJkMWYyNmRiMDU5ZjliZmZkODE1YTQ3NGY2MjFlMWYyYjNhNGZjOTAiLCJfYXV0aF91c2VyX2JhY2tlbmQiOiJkamFuZ28uY29udHJpYi5hdXRoLmJhY2tlbmRzLk1vZGVsQmFja2VuZCIsIl9hdXRoX3VzZXJfaWQiOiIxIn0="
    },
    "model": "sessions.session",
    "pk": "lwysw412sy0jkm15umc6jul7buizmk5f"
},
{
    "fields": {
        "username": "VSh9SgRkxTYIaZUs",
        "password": "GsQjQ6KLtx63Sktr",
        "name": "Antxeta"
    },
    "model": "blobs.account",
    "pk": 2
},
{
    "fields": {
        "link": "https://creativecommons.org",
        "name": "cc-by-sa"
    },
    "model": "blobs.license",
    "pk": 1
},
{
    "fields": {
        "link": "http://creativecommons.org/",
        "name": "cc-by"
    },
    "model": "blobs.license",
    "pk": 2
},
{
    "fields": {
        "account": 2,
        "remote": "",
        "license": 2,
        "counter": 1,
        "object_id": 1,
        "content_type": 21,
        "local": "podcasts/2013-02-19_20-16-08.3gpp"
    },
    "model": "blobs.blob",
    "pk": 1
},
{
    "fields": {
        "account": 2,
        "remote": "",
        "license": 2,
        "counter": 1,
        "object_id": 2,
        "content_type": 21,
        "local": "podcasts/2013-02-19_20-16-24.3gpp"
    },
    "model": "blobs.blob",
    "pk": 2
},
{
    "fields": {
        "account": 2,
        "remote": "",
        "license": 1,
        "counter": 1,
        "object_id": 3,
        "content_type": 21,
        "local": "podcasts/2013-02-19_20-16-41.3gpp"
    },
    "model": "blobs.blob",
    "pk": 3
},
{
    "fields": {
        "account": 2,
        "remote": "",
        "license": 1,
        "counter": 2,
        "object_id": 3,
        "content_type": 21,
        "local": "podcasts/2013-02-19_20-17-00.3gpp"
    },
    "model": "blobs.blob",
    "pk": 4
},
{
    "fields": {
        "account": 2,
        "remote": "",
        "license": 1,
        "counter": 3,
        "object_id": 3,
        "content_type": 21,
        "local": "podcasts/2013-02-19_20-17-29.3gpp"
    },
    "model": "blobs.blob",
    "pk": 5
},
{
    "fields": {
        "account": 2,
        "remote": "",
        "license": 2,
        "counter": 1,
        "object_id": 4,
        "content_type": 21,
        "local": "podcasts/2013-02-19_20-17-29_dY3N4zY.3gpp"
    },
    "model": "blobs.blob",
    "pk": 6
},
{
    "fields": {
        "account": 2,
        "remote": "",
        "license": 1,
        "counter": 1,
        "object_id": 5,
        "content_type": 21,
        "local": "podcasts/2013-02-19_20-18-20.3gpp"
    },
    "model": "blobs.blob",
    "pk": 7
},
{
    "fields": {
        "account": 2,
        "remote": "",
        "license": 2,
        "counter": 2,
        "object_id": 5,
        "content_type": 21,
        "local": "podcasts/2013-02-19_20-19-39.3gpp"
    },
    "model": "blobs.blob",
    "pk": 8
},
{
    "fields": {
        "account": 2,
        "remote": "",
        "license": 1,
        "counter": 1,
        "object_id": 7,
        "content_type": 21,
        "local": "podcasts/2013-02-19_20-17-35.3gpp"
    },
    "model": "blobs.blob",
    "pk": 9
},
{
    "fields": {
        "account": 2,
        "remote": "",
        "license": 2,
        "counter": 1,
        "object_id": 8,
        "content_type": 21,
        "local": "podcasts/2013-02-19_20-18-20_IWi06yw.3gpp"
    },
    "model": "blobs.blob",
    "pk": 10
},
{
    "fields": {
        "account": 2,
        "remote": "",
        "license": 1,
        "counter": 1,
        "object_id": 1,
        "content_type": 20,
        "local": "podcasts/2013-02-19_20-18-33.3gpp"
    },
    "model": "blobs.blob",
    "pk": 11
},
{
    "fields": {
        "account": 2,
        "remote": "",
        "license": 2,
        "counter": 2,
        "object_id": 1,
        "content_type": 20,
        "local": "podcasts/2013-02-19_20-18-33_R5gQUWv.3gpp"
    },
    "model": "blobs.blob",
    "pk": 12
},
{
    "fields": {
        "account": 2,
        "remote": "",
        "license": 2,
        "counter": 1,
        "object_id": 2,
        "content_type": 20,
        "local": "podcasts/2013-02-19_20-18-20_9DiTmy3.3gpp"
    },
    "model": "blobs.blob",
    "pk": 13
},
{
    "fields": {
        "account": 2,
        "remote": "",
        "license": 1,
        "counter": 1,
        "object_id": 3,
        "content_type": 20,
        "local": "podcasts/2013-02-19_20-18-33_wr6CYfY.3gpp"
    },
    "model": "blobs.blob",
    "pk": 14
},
{
    "fields": {
        "account": 2,
        "remote": "",
        "license": 2,
        "counter": 2,
        "object_id": 3,
        "content_type": 20,
        "local": "podcasts/2013-02-19_20-20-14.3gpp"
    },
    "model": "blobs.blob",
    "pk": 15
},
{
    "fields": {
        "account": 2,
        "remote": "",
        "license": 2,
        "counter": 1,
        "object_id": 4,
        "content_type": 20,
        "local": "podcasts/2013-02-19_20-19-39_Wb38LcV.3gpp"
    },
    "model": "blobs.blob",
    "pk": 16
},
{
    "fields": {
        "account": 2,
        "remote": "",
        "license": 1,
        "counter": 1,
        "object_id": 5,
        "content_type": 20,
        "local": "podcasts/2013-02-19_20-20-14_CrBhkr6.3gpp"
    },
    "model": "blobs.blob",
    "pk": 17
},
{
    "fields": {
        "account": 2,
        "remote": "",
        "license": 1,
        "counter": 1,
        "object_id": 6,
        "content_type": 20,
        "local": "podcasts/2013-02-19_20-18-00.3gpp"
    },
    "model": "blobs.blob",
    "pk": 18
},
{
    "fields": {
        "account": 2,
        "remote": "",
        "license": 2,
        "counter": 2,
        "object_id": 6,
        "content_type": 20,
        "local": "podcasts/2013-02-19_20-20-14_E9iJ8D8.3gpp"
    },
    "model": "blobs.blob",
    "pk": 19
},
{
    "fields": {
        "account": 2,
        "remote": "",
        "license": 1,
        "counter": 1,
        "object_id": 7,
        "content_type": 20,
        "local": ""
    },
    "model": "blobs.blob",
    "pk": 20
},
{
    "fields": {
        "started": "2015-07-22T12:16:31.849Z",
        "ended": "2015-07-22T12:16:31.850Z",
        "state": 3,
        "traceback": "Traceback (most recent call last):\n  File \"/home/iune/proiektuak/antxetamedia/berria/amv2/antxetamedia/blobs/tasks.py\", line 37, in upload_blob\n    show=blob.content_object.show.slug.lower(),\nAttributeError: 'RadioCategory' object has no attribute 'show'\n",
        "blob": 1
    },
    "model": "blobs.blobupload",
    "pk": 1
},
{
    "fields": {
        "started": "2015-07-22T12:42:52.652Z",
        "ended": "2015-07-22T12:42:52.654Z",
        "state": 3,
        "traceback": "Traceback (most recent call last):\n  File \"/home/iune/proiektuak/antxetamedia/berria/amv2/antxetamedia/blobs/tasks.py\", line 37, in upload_blob\n    show=blob.content_object.show.slug.lower(),\nAttributeError: 'RadioCategory' object has no attribute 'show'\n",
        "blob": 2
    },
    "model": "blobs.blobupload",
    "pk": 2
},
{
    "fields": {
        "started": "2015-07-22T12:55:16.420Z",
        "ended": "2015-07-22T12:55:16.422Z",
        "state": 3,
        "traceback": "Traceback (most recent call last):\n  File \"/home/iune/proiektuak/antxetamedia/berria/amv2/antxetamedia/blobs/tasks.py\", line 37, in upload_blob\n    show=blob.content_object.show.slug.lower(),\nAttributeError: 'RadioCategory' object has no attribute 'show'\n",
        "blob": 3
    },
    "model": "blobs.blobupload",
    "pk": 3
},
{
    "fields": {
        "started": "2015-07-22T12:55:33.401Z",
        "ended": "2015-07-22T12:55:33.403Z",
        "state": 3,
        "traceback": "Traceback (most recent call last):\n  File \"/home/iune/proiektuak/antxetamedia/berria/amv2/antxetamedia/blobs/tasks.py\", line 37, in upload_blob\n    show=blob.content_object.show.slug.lower(),\nAttributeError: 'RadioCategory' object has no attribute 'show'\n",
        "blob": 4
    },
    "model": "blobs.blobupload",
    "pk": 4
},
{
    "fields": {
        "started": "2015-07-22T12:55:46.063Z",
        "ended": "2015-07-22T12:55:46.065Z",
        "state": 3,
        "traceback": "Traceback (most recent call last):\n  File \"/home/iune/proiektuak/antxetamedia/berria/amv2/antxetamedia/blobs/tasks.py\", line 37, in upload_blob\n    show=blob.content_object.show.slug.lower(),\nAttributeError: 'RadioCategory' object has no attribute 'show'\n",
        "blob": 5
    },
    "model": "blobs.blobupload",
    "pk": 5
},
{
    "fields": {
        "started": "2015-07-22T13:01:11.458Z",
        "ended": "2015-07-22T13:01:11.460Z",
        "state": 3,
        "traceback": "Traceback (most recent call last):\n  File \"/home/iune/proiektuak/antxetamedia/berria/amv2/antxetamedia/blobs/tasks.py\", line 37, in upload_blob\n    show=blob.content_object.show.slug.lower(),\nAttributeError: 'NoneType' object has no attribute 'show'\n",
        "blob": 6
    },
    "model": "blobs.blobupload",
    "pk": 6
},
{
    "fields": {
        "started": "2015-07-22T13:03:27.849Z",
        "ended": "2015-07-22T13:03:27.850Z",
        "state": 3,
        "traceback": "Traceback (most recent call last):\n  File \"/home/iune/proiektuak/antxetamedia/berria/amv2/antxetamedia/blobs/tasks.py\", line 37, in upload_blob\n    show=blob.content_object.show.slug.lower(),\nAttributeError: 'NoneType' object has no attribute 'show'\n",
        "blob": 7
    },
    "model": "blobs.blobupload",
    "pk": 7
},
{
    "fields": {
        "started": "2015-07-22T13:03:27.853Z",
        "ended": "2015-07-22T13:03:27.854Z",
        "state": 3,
        "traceback": "Traceback (most recent call last):\n  File \"/home/iune/proiektuak/antxetamedia/berria/amv2/antxetamedia/blobs/tasks.py\", line 37, in upload_blob\n    show=blob.content_object.show.slug.lower(),\nAttributeError: 'NoneType' object has no attribute 'show'\n",
        "blob": 8
    },
    "model": "blobs.blobupload",
    "pk": 8
},
{
    "fields": {
        "started": "2015-07-22T13:13:08.412Z",
        "ended": "2015-07-22T13:13:08.414Z",
        "state": 3,
        "traceback": "Traceback (most recent call last):\n  File \"/home/iune/proiektuak/antxetamedia/berria/amv2/antxetamedia/blobs/tasks.py\", line 37, in upload_blob\n    show=blob.content_object.show.slug.lower(),\nAttributeError: 'NoneType' object has no attribute 'show'\n",
        "blob": 9
    },
    "model": "blobs.blobupload",
    "pk": 9
},
{
    "fields": {
        "started": "2015-07-22T13:16:55.078Z",
        "ended": "2015-07-22T13:16:55.080Z",
        "state": 3,
        "traceback": "Traceback (most recent call last):\n  File \"/home/iune/proiektuak/antxetamedia/berria/amv2/antxetamedia/blobs/tasks.py\", line 37, in upload_blob\n    show=blob.content_object.show.slug.lower(),\nAttributeError: 'NoneType' object has no attribute 'show'\n",
        "blob": 10
    },
    "model": "blobs.blobupload",
    "pk": 10
},
{
    "fields": {
        "started": "2015-07-22T13:21:04.870Z",
        "ended": "2015-07-22T13:21:07.638Z",
        "state": 3,
        "traceback": "Traceback (most recent call last):\n  File \"/home/iune/proiektuak/antxetamedia/berria/amv2/antxetamedia/blobs/tasks.py\", line 45, in upload_blob\n    bucket = connection.create_bucket(bucket, metadata=metadata)\nTypeError: create_bucket() got an unexpected keyword argument 'metadata'\n",
        "blob": 11
    },
    "model": "blobs.blobupload",
    "pk": 11
},
{
    "fields": {
        "started": "2015-07-22T13:21:07.642Z",
        "ended": "2015-07-22T13:21:08.151Z",
        "state": 3,
        "traceback": "Traceback (most recent call last):\n  File \"/home/iune/proiektuak/antxetamedia/berria/amv2/antxetamedia/blobs/tasks.py\", line 45, in upload_blob\n    bucket = connection.create_bucket(bucket, metadata=metadata)\nTypeError: create_bucket() got an unexpected keyword argument 'metadata'\n",
        "blob": 12
    },
    "model": "blobs.blobupload",
    "pk": 12
},
{
    "fields": {
        "started": "2015-07-22T13:22:19.033Z",
        "ended": "2015-07-22T13:22:21.780Z",
        "state": 3,
        "traceback": "Traceback (most recent call last):\n  File \"/home/iune/proiektuak/antxetamedia/berria/amv2/antxetamedia/blobs/tasks.py\", line 45, in upload_blob\n    bucket = connection.create_bucket(bucket, metadata=metadata)\nTypeError: create_bucket() got an unexpected keyword argument 'metadata'\n",
        "blob": 13
    },
    "model": "blobs.blobupload",
    "pk": 13
},
{
    "fields": {
        "started": "2015-07-22T13:26:50.403Z",
        "ended": "2015-07-22T13:26:53.141Z",
        "state": 3,
        "traceback": "Traceback (most recent call last):\n  File \"/home/iune/proiektuak/antxetamedia/berria/amv2/antxetamedia/blobs/tasks.py\", line 45, in upload_blob\n    bucket = connection.create_bucket(bucket, metadata=metadata)\nTypeError: create_bucket() got an unexpected keyword argument 'metadata'\n",
        "blob": 14
    },
    "model": "blobs.blobupload",
    "pk": 14
},
{
    "fields": {
        "started": "2015-07-22T13:26:53.146Z",
        "ended": "2015-07-22T13:26:53.659Z",
        "state": 3,
        "traceback": "Traceback (most recent call last):\n  File \"/home/iune/proiektuak/antxetamedia/berria/amv2/antxetamedia/blobs/tasks.py\", line 45, in upload_blob\n    bucket = connection.create_bucket(bucket, metadata=metadata)\nTypeError: create_bucket() got an unexpected keyword argument 'metadata'\n",
        "blob": 15
    },
    "model": "blobs.blobupload",
    "pk": 15
},
{
    "fields": {
        "started": "2015-07-22T13:28:20.173Z",
        "ended": "2015-07-22T13:28:22.842Z",
        "state": 3,
        "traceback": "Traceback (most recent call last):\n  File \"/home/iune/proiektuak/antxetamedia/berria/amv2/antxetamedia/blobs/tasks.py\", line 45, in upload_blob\n    bucket = connection.create_bucket(bucket, metadata=metadata)\nTypeError: create_bucket() got an unexpected keyword argument 'metadata'\n",
        "blob": 16
    },
    "model": "blobs.blobupload",
    "pk": 16
},
{
    "fields": {
        "started": "2015-07-22T13:31:11.393Z",
        "ended": "2015-07-22T13:31:14.163Z",
        "state": 3,
        "traceback": "Traceback (most recent call last):\n  File \"/home/iune/proiektuak/antxetamedia/berria/amv2/antxetamedia/blobs/tasks.py\", line 45, in upload_blob\n    bucket = connection.create_bucket(bucket, metadata=metadata)\nTypeError: create_bucket() got an unexpected keyword argument 'metadata'\n",
        "blob": 17
    },
    "model": "blobs.blobupload",
    "pk": 17
},
{
    "fields": {
        "started": "2015-07-22T13:32:02.494Z",
        "ended": "2015-07-22T13:32:05.156Z",
        "state": 3,
        "traceback": "Traceback (most recent call last):\n  File \"/home/iune/proiektuak/antxetamedia/berria/amv2/antxetamedia/blobs/tasks.py\", line 45, in upload_blob\n    bucket = connection.create_bucket(bucket, metadata=metadata)\nTypeError: create_bucket() got an unexpected keyword argument 'metadata'\n",
        "blob": 18
    },
    "model": "blobs.blobupload",
    "pk": 18
},
{
    "fields": {
        "started": "2015-07-22T13:32:05.159Z",
        "ended": "2015-07-22T13:32:05.669Z",
        "state": 3,
        "traceback": "Traceback (most recent call last):\n  File \"/home/iune/proiektuak/antxetamedia/berria/amv2/antxetamedia/blobs/tasks.py\", line 45, in upload_blob\n    bucket = connection.create_bucket(bucket, metadata=metadata)\nTypeError: create_bucket() got an unexpected keyword argument 'metadata'\n",
        "blob": 19
    },
    "model": "blobs.blobupload",
    "pk": 19
},
{
    "fields": {
        "name": "Kirola",
        "slug": "kirola"
    },
    "model": "news.newscategory",
    "pk": 1
},
{
    "fields": {
        "name": "Aisialdia",
        "slug": "aisialdia"
    },
    "model": "news.newscategory",
    "pk": 2
},
{
    "fields": {
        "name": "Kultura",
        "slug": "kultura"
    },
    "model": "news.newscategory",
    "pk": 3
},
{
    "fields": {
        "name": "Ingurugiroa",
        "slug": "ingurugiro"
    },
    "model": "news.newscategory",
    "pk": 4
},
{
    "fields": {
        "name": "Aldarrikapenak",
        "slug": "aldarrikapenak"
    },
    "model": "news.newscategory",
    "pk": 5
},
{
    "fields": {
        "name": "Politika",
        "slug": "politika"
    },
    "model": "news.newscategory",
    "pk": 6
},
{
    "fields": {
        "description": "<p>Lorem ipsum dolor sit amet, consectetur adipiscing elit. Pellentesque dolor turpis, auctor vitae sem ac, efficitur aliquam magna. Lorem ipsum dolor sit amet, consectetur adipiscing elit. Nunc ornare et mauris non ullamcorper. Nullam sit amet aliquam nisi. Curabitur porta, elit vel hendrerit luctus, lectus leo ornare justo, a sagittis leo nulla in ex. Ut sed nibh eu lectus pulvinar varius at sit amet lacus. Integer sit amet nibh lacus. Mauris mattis mi risus, congue pulvinar nibh pulvinar eu. Nulla vel varius tellus, lobortis pharetra nunc. Nullam tempor augue augue, sit amet interdum tellus elementum sit amet.</p>\r\n",
        "name": "Berriak",
        "image": "",
        "slug": "berriak"
    },
    "model": "news.newsshow",
    "pk": 1
},
{
    "fields": {
        "description": "<p>Urru&ntilde;ara jo dugu, bertako Oihana parkea ezagutzeko. Sekulako adrenalina gunea izan daiteke partea, hala nahi izanez gero noski. Gotzon Buduagirre bertako kideak azalpen oro eskaintzen digu.</p>\r\n",
        "show": 1,
        "image": "shows/abentura.jpg",
        "title": "Urru\u00f1ako Oihana abentura parkea ezagutzeko aukera izan dugu",
        "pub_date": "2015-07-17T13:17:36Z",
        "slug": "urrunako-oihana-abentura-parkea-ezagutzeko-aukera-",
        "categories": [
            2,
            1
        ]
    },
    "model": "news.newspodcast",
    "pk": 1
},
{
    "fields": {
        "description": "<p>Asteburu berezia heldu da Irungo Oiasso Errmatar museora. Dies Oiassonis jarduerarekin aitzina segitzen dute eta horrez gain, bertako jardueren arduradunak azaldu digunez, Mariajo Noainek berak, inoiz ukan duten erakusketarik ederrenetarikoa dute martxan uda garai honetan, eta azaroa bitarte: &quot;Apain mahaiko Istorioak&quot;. Mariajo Noainekin hitz egiteko aukera izan dugu.</p>\r\n",
        "show": 1,
        "image": "",
        "title": "Dies Oiassonis eta itzelezko erakusketa Oiasso Museoan",
        "pub_date": "2015-07-07T13:21:20Z",
        "slug": "dies-oiassonis-eta-itzelezko-erakusketa-oiasso-mus",
        "categories": [
            3
        ]
    },
    "model": "news.newspodcast",
    "pk": 2
},
{
    "fields": {
        "description": "<p>Pausu auzoko bestak hastear daude, eta Xaia ostatuak urteroko egitarau alaia antolatu du auzoa are gehiago girotzeko. Be&ntilde;at Elizondorekin mintzatu gara</p>\r\n",
        "show": 1,
        "image": "",
        "title": "Pausu auzoko bestak martxan",
        "pub_date": "2015-07-10T13:22:33Z",
        "slug": "pausu-auzoko-bestak-martxan",
        "categories": [
            3
        ]
    },
    "model": "news.newspodcast",
    "pk": 3
},
{
    "fields": {
        "description": "<p>Hendaiako beheko auzoko hainbat bizilagun, antolatu egin dira, bertako mugikortasun arazoak indentifikatu eta aldatzeko helburuarekin. Gaur, arratsaldeko 18:00etan da hitzordua Beltzenia aitzinean. Miguel Gimenezek azaltzen digu dena</p>\r\n",
        "show": 1,
        "image": "shows/5j2mg-Pedro_002.jpg",
        "title": "Beheko auzoko hainbat arazo konpontzeko zita",
        "pub_date": "2015-07-04T13:26:57Z",
        "slug": "beheko-auzoko-hainbat-arazo-konpontzeko-zita",
        "categories": [
            4
        ]
    },
    "model": "news.newspodcast",
    "pk": 4
},
{
    "fields": {
        "description": "<p>Jon Bikendik eta Iban Gartzia Irundarrak osorik egingo dute ibilbidea, eta beste bost txirrindulari izango dituzte ondoan: Oinatz Mitxelena (Irundarra), Iban Ruiperez, Eduard Sadurni, Eugeni Serret eta Josep Negre. Entzun solasaldia!</p>\r\n",
        "show": 1,
        "image": "shows/kiki.jpg",
        "title": "Kataluniatik Euskal Herrira txirrindan, kirola eta aldarrikapena!",
        "pub_date": "2015-07-22T13:28:33Z",
        "slug": "kataluniatik-euskal-herrira-txirrindan-kirola-eta-",
        "categories": [
            5,
            1,
            3
        ]
    },
    "model": "news.newspodcast",
    "pk": 5
},
{
    "fields": {
        "description": "<p>Hondarribia Blues festibala hasiko da ostegun honetan. Hamargarren edizioa izango da aurtengoa. Txomin Sagarzazu alkatearekin hitz egiteko aukera izan dugu luze eta zabal</p>\r\n",
        "show": 1,
        "image": "",
        "title": "Dena prest Hondarribian, Blues doinuak hartzeko",
        "pub_date": "2015-07-17T13:31:25Z",
        "slug": "dena-prest-hondarribian-blues-doinuak-hartzeko",
        "categories": [
            3
        ]
    },
    "model": "news.newspodcast",
    "pk": 6
},
{
    "fields": {
        "description": "<p><strong>Errespetutik,</strong> <em>aitortzatik</em>, <u>baketik,</u> konponbideti, elkarbizitzatik... eta aurrera. Hauxe izan da larunbata honetan Ficoban nagusitu den ideia. Elkarrizketarako espazioak sortzeko beharra argi gelditu da, eta prestutasuna ere bai. Anais Funosas, Teresa Toda eta</p>\r\n\r\n<ul>\r\n\t<li>Peio Ospitalekin\r\n\t<ul>\r\n\t\t<li>hitz egiteko aukera\r\n\t\t<ul>\r\n\t\t\t<li>izan dugu, debatea\r\n\t\t\t<ul>\r\n\t\t\t\t<li>amaitu eta berehala</li>\r\n\t\t\t</ul>\r\n\t\t\t</li>\r\n\t\t</ul>\r\n\t\t</li>\r\n\t</ul>\r\n\t</li>\r\n</ul>\r\n",
        "show": 1,
        "image": "shows/Ficoba.jpg",
        "title": "Herria eraikitzeko konpromisoa berritsi da Ficoban",
        "pub_date": "2015-07-22T13:32:23Z",
        "slug": "herria-eraikitzeko-konpromisoa-berritsi-da-ficoban",
        "categories": [
            6
        ]
    },
    "model": "news.newspodcast",
    "pk": 7
},
{
    "fields": {
        "description": "<p>Larunbatean dugu hitzordua Ficoba erakustazokan. Bertan izango dira Anaiz Funosas eta Peio Ospital Ipar Euskal Herrian orain arte eman diren urratsak azaleratzeko. Otsailan &quot;Bidasoan elkarbizitza&quot; jardunaldiak antolatu eta, bizikidetzaren alde lanean segitu nahi dugu Antxeta Irratian. Bake Bidean eragileko Anaiz Funosasek gaia sakonean aipatzen digu.</p>\r\n\r\n<p style=\"text-align: center;\">Larunbatean dugu hitzordua Ficoba erakustazokan. Bertan izango dira Anaiz Funosas eta Peio Ospital Ipar Euskal Herrian orain arte eman diren urratsak azaleratzeko. Otsailan &quot;Bidasoan elkarbizitza&quot; jardunaldiak antolatu eta, bizikidetzaren alde lanean segitu nahi dugu Antxeta Irratian. Bake Bidean eragileko Anaiz Funosasek gaia sakonean aipatzen digu.</p>\r\n\r\n<p style=\"text-align: right;\">Larunbatean dugu hitzordua Ficoba erakustazokan. Bertan izango dira Anaiz Funosas eta Peio Ospital Ipar Euskal Herrian orain arte eman diren urratsak azaleratzeko. Otsailan &quot;Bidasoan elkarbizitza&quot; jardunaldiak antolatu eta, bizikidetzaren alde lanean segitu nahi dugu Antxeta Irratian. Bake Bidean eragileko Anaiz Funosasek gaia sakonean aipatzen digu.</p>\r\n\r\n<p style=\"text-align: justify;\">Larunbatean dugu hitzordua Ficoba erakustazokan. Bertan izango dira Anaiz Funosas eta Peio Ospital Ipar Euskal Herrian orain arte eman diren urratsak azaleratzeko. Otsailan &quot;Bidasoan elkarbizitza&quot; jardunaldiak antolatu eta, bizikidetzaren alde lanean segitu nahi dugu Antxeta Irratian. Bake Bidean eragileko Anaiz Funosasek gaia sakonean aipatzen digu.</p>\r\n",
        "show": 1,
        "image": "",
        "title": "EHan bakea lortzearen aldeko giza konferentzia",
        "pub_date": "2015-07-22T13:34:14Z",
        "slug": "ehan-bakea-lortzearen-aldeko-giza-konferentzia",
        "categories": [
            6
        ]
    },
    "model": "news.newspodcast",
    "pk": 8
},
{
    "fields": {
        "description": "",
        "show": 1,
        "image": "shows/anari_9xuEfrN.jpg",
        "title": "Kaixo",
        "pub_date": "2015-07-23T12:59:06Z",
        "slug": "kaixo",
        "categories": [
            2
        ]
    },
    "model": "news.newspodcast",
    "pk": 9
},
{
    "fields": {
        "name": "Kirolak",
        "slug": "kirolak"
    },
    "model": "radio.radiocategory",
    "pk": 1
},
{
    "fields": {
        "name": "Lurra",
        "slug": "lurra"
    },
    "model": "radio.radiocategory",
    "pk": 2
},
{
    "fields": {
        "name": "Feminismoa",
        "slug": "feminismoa"
    },
    "model": "radio.radiocategory",
    "pk": 3
},
{
    "fields": {
        "name": "Kazeta",
        "slug": "kazeta"
    },
    "model": "radio.radiocategory",
    "pk": 4
},
{
    "fields": {
        "name": "Gazteak",
        "slug": "gazteak"
    },
    "model": "radio.radiocategory",
    "pk": 5
},
{
    "fields": {
        "name": "Pausumedia",
        "slug": "pausumedia"
    },
    "model": "radio.radioproducer",
    "pk": 1
},
{
    "fields": {
        "name": "Antxetamedia",
        "slug": "antxetamedia"
    },
    "model": "radio.radioproducer",
    "pk": 2
},
{
    "fields": {
        "category": 1,
        "description": "<p>Lorem ipsum dolor sit amet, consectetur adipiscing elit. Cras a sem sem. Suspendisse tellus augue, tempor sit amet vestibulum non, elementum a augue. Proin finibus maximus metus sed bibendum. Fusce feugiat orci vel eros feugiat, eget tempor mi porttitor. Donec ut tortor sit amet risus dignissim auctor. Donec iaculis feugiat quam vitae bibendum. Aliquam erat volutpat. Donec ac enim in augue condimentum varius a congue tortor. In gravida nec lectus a venenatis.</p>\r\n\r\n<h2>In hac habitasse platea dictumst</h2>\r\n\r\n<p>Aliquam erat volutpat. Cum sociis natoque penatibus et magnis dis parturient montes, nascetur ridiculus mus. Duis vehicula orci ac mi posuere ultrices. Proin at nunc erat. Fusce enim nulla, mollis at tempor ac, dictum aliquet erat. Nulla pellentesque bibendum mi, sed rutrum nunc congue scelerisque. Nullam laoreet risus at imperdiet porta. In hac habitasse platea dictumst. In cursus ac mi vitae semper. Quisque consequat luctus felis, eget auctor ex imperdiet id. Etiam tempus quis augue eu tincidunt. Praesent eget interdum nunc. Nunc viverra vel ligula sit amet faucibus. Maecenas aliquam, nulla pulvinar lacinia mollis, justo quam eleifend lorem, et tempus lorem turpis ac risus.</p>\r\n",
        "producer": 1,
        "image": "shows/sokatira.jpg",
        "featured": true,
        "slug": "kiroletik",
        "name": "Kiroletik"
    },
    "model": "radio.radioshow",
    "pk": 1
},
{
    "fields": {
        "category": 2,
        "description": "<p>Nulla porta felis ut iaculis ornare. Donec eu eros nibh. Vestibulum ultrices tincidunt aliquet. Vestibulum sed mattis ante, vitae semper lorem. Sed varius posuere elit. Curabitur porttitor velit odio, vulputate cursus ligula commodo eget. Nam vehicula, velit aliquet euismod tincidunt, nunc lectus iaculis ex, quis blandit risus sem quis quam. Quisque iaculis urna vel diam congue, eu varius urna luctus. Ut vel efficitur nunc. Pellentesque habitant morbi tristique senectus et netus et malesuada fames ac turpis egestas.</p>\r\n",
        "producer": 2,
        "image": "shows/4f16cc1ae39ad32b1cb12039a3f02557-d66nfvh_w7jae62.png",
        "featured": false,
        "slug": "txingurri_hotsak",
        "name": "Txingurri hotsak"
    },
    "model": "radio.radioshow",
    "pk": 2
},
{
    "fields": {
        "category": 3,
        "description": "<p>Nulla commodo dui tristique viverra fermentum. Vestibulum aliquam, nisi vel aliquet tempor, mauris diam euismod turpis, eget luctus diam massa at velit. Aliquam sodales justo eros, a rhoncus ligula elementum sit amet. Curabitur tincidunt sem in sem sagittis euismod. Nam a arcu nec neque semper facilisis. Quisque non eros ipsum. Cras quis fringilla dolor, in laoreet ligula. Aliquam maximus sagittis magna ut condimentum.</p>\r\n",
        "producer": 1,
        "image": "shows/gonekin_1_4.jpg",
        "featured": true,
        "slug": "gonekin",
        "name": "Gonekin ero bero"
    },
    "model": "radio.radioshow",
    "pk": 3
},
{
    "fields": {
        "category": 2,
        "description": "<p>Etiam sed fermentum velit. Donec cursus justo sit amet dolor dapibus, non cursus libero ultrices. Donec eget porttitor sem. Phasellus tristique, nunc vitae sagittis maximus, ligula risus faucibus elit, a mattis ligula lectus eget dui. Maecenas sed pulvinar est. Nulla gravida volutpat nunc, quis placerat arcu faucibus vel. Proin volutpat ligula vitae dictum faucibus. Integer volutpat pellentesque faucibus. Aliquam gravida mauris id justo elementum placerat. Maecenas laoreet mattis scelerisque. Donec tempus justo eu ligula molestie, quis placerat felis convallis. Nullam vel mauris volutpat, vulputate orci vitae, consequat mauris. Nulla semper mauris a mollis sodales. Quisque turpis orci, blandit eu laoreet ac, tempor et odio.</p>\r\n",
        "producer": 2,
        "image": "",
        "featured": false,
        "slug": "aitzurra",
        "name": "Aitzurra"
    },
    "model": "radio.radioshow",
    "pk": 4
},
{
    "fields": {
        "category": 3,
        "description": "<p>Suspendisse turpis risus, tempus ut dapibus sed, commodo et felis. Donec tempus nisl a dolor dapibus bibendum. Nam pharetra porttitor magna et vestibulum. Mauris accumsan magna vel blandit placerat. Etiam et tempus mauris. Quisque in magna in massa dapibus lacinia. Curabitur ipsum enim, egestas nec leo sed, molestie viverra odio. Integer ornare eleifend augue, ac congue est finibus et. Mauris vel imperdiet sem. In hendrerit blandit mauris, sed tempus tortor luctus non. Nulla eget sollicitudin felis. Nulla ultrices congue magna porta cursus. Sed suscipit nec metus in auctor.</p>\r\n",
        "producer": 1,
        "image": "shows/coiled_by_suicidebysafetypin-d5gau51.jpg",
        "featured": false,
        "slug": "amapola",
        "name": "Amapola morea"
    },
    "model": "radio.radioshow",
    "pk": 5
},
{
    "fields": {
        "category": 4,
        "description": "<p>Nulla commodo dui tristique viverra fermentum. Vestibulum aliquam, nisi vel aliquet tempor, mauris diam euismod turpis, eget luctus diam massa at velit. Aliquam sodales justo eros, a rhoncus ligula elementum sit amet. Curabitur tincidunt sem in sem sagittis euismod. Nam a arcu nec neque semper facilisis. Quisque non eros ipsum. Cras quis fringilla dolor, in laoreet ligula. Aliquam maximus sagittis magna ut condimentum.</p>\r\n",
        "producer": 1,
        "image": "",
        "featured": true,
        "slug": "zebra_bidea",
        "name": "Zebra bidea"
    },
    "model": "radio.radioshow",
    "pk": 6
},
{
    "fields": {
        "category": 3,
        "description": "<p>Nulla porta felis ut iaculis ornare. Donec eu eros nibh. Vestibulum ultrices tincidunt aliquet. Vestibulum sed mattis ante, vitae semper lorem. Sed varius posuere elit. Curabitur porttitor velit odio, vulputate cursus ligula commodo eget. Nam vehicula, velit aliquet euismod tincidunt, nunc lectus iaculis ex, quis blandit risus sem quis quam. Quisque iaculis urna vel diam congue, eu varius urna luctus. Ut vel efficitur nunc. Pellentesque habitant morbi tristique senectus et netus et malesuada fames ac turpis egestas.</p>\r\n",
        "producer": 2,
        "image": "shows/martxoa8emankizun2014.jpg",
        "featured": false,
        "slug": "hari_gorria",
        "name": "Hari gorria"
    },
    "model": "radio.radioshow",
    "pk": 7
},
{
    "fields": {
        "category": 5,
        "description": "<p>Lorem ipsum dolor sit amet, consectetur adipiscing elit. Pellentesque dolor turpis, auctor vitae sem ac, efficitur aliquam magna. Lorem ipsum dolor sit amet, consectetur adipiscing elit. Nunc ornare et mauris non ullamcorper. Nullam sit amet aliquam nisi. Curabitur porta, elit vel hendrerit luctus, lectus leo ornare justo, a sagittis leo nulla in ex. Ut sed nibh eu lectus pulvinar varius at sit amet lacus. Integer sit amet nibh lacus. Mauris mattis mi risus, congue pulvinar nibh pulvinar eu.</p>\r\n\r\n<ul>\r\n\t<li>Nulla vel varius tellus, lobortis pharetra nunc.\r\n\t<ul>\r\n\t\t<li>Nullam tempor augue augue,</li>\r\n\t</ul>\r\n\t</li>\r\n\t<li>sit amet interdum tellus elementum sit amet.</li>\r\n</ul>\r\n",
        "producer": 1,
        "image": "shows/dragon_egg_by_c_91-d65nq7w_P83AINt.png",
        "featured": true,
        "slug": "ezker_gantxoa",
        "name": "Ezker gantxoa"
    },
    "model": "radio.radioshow",
    "pk": 8
},
{
    "fields": {
        "description": "<p>Mikel Martins Das Neves fitxatu du Real Unionek. 32 urteko donostiarra da, arbaso portugaldarrak dituena. Erdilaria da, defentsako lanean espezialista. Esperientzia handia du 2.Bn, baita Bigarren Mailan ere. Athleticeko harrobian hazi ondoren, Espanyol Bn, Bazan, Guijuelon, Benidormen, Mirandesen, Cadizen eta Herculesen aritu da. 2011-2012 denboraldian, Bigarren Mailara igo eta Errege Kopako finalerdietara iritsi zen Mirandesekin.</p>\r\n",
        "show": 1,
        "image": "shows/Mikel-Martins_H\u00e9rcules.jpg",
        "title": "Real Unionen zelai erdia indartuko du Martinsek",
        "pub_date": "2015-07-18T00:00:00Z",
        "slug": "real-unionen-zelai-erdia-indartuko-du-martinsek"
    },
    "model": "radio.radiopodcast",
    "pk": 1
},
{
    "fields": {
        "description": "<p>Atxondon iragnadako AHT proiektuaren kontrako mendi martxa aipatu dugu gaurkoan.</p>\r\n",
        "show": 2,
        "image": "shows/atxondo15.jpg",
        "title": "Saio osoa",
        "pub_date": "2015-07-10T12:16:43Z",
        "slug": "saio-osoa"
    },
    "model": "radio.radiopodcast",
    "pk": 2
},
{
    "fields": {
        "description": "<p>Hemen duzue aste honetako Gonekin Ero Bero saio!</p>\r\n",
        "show": 3,
        "image": "shows/gonekin_1_4_y2w4PiJ.jpg",
        "title": "Saio osoa",
        "pub_date": "2015-07-03T00:00:00Z",
        "slug": "saio-osoa"
    },
    "model": "radio.radiopodcast",
    "pk": 3
},
{
    "fields": {
        "description": "<p><strong>Aste honetan urteko tipula </strong><em>landatzeko eman beharreko urratsak esplikatu </em>dizkigu Miguelek. Bestalde, Hendaiako asteazkenetako azokan egon gara, eta Biriatuko Patrick Larrondo laborariarekin mintzatu gara, hiru hilabete ondotik bere azokako postura bueltatu baita barazki biologikoekin.</p>\r\n\r\n<p>Horrez gain, Europako Batasunak aste honetan hartu duen behi-esne kuoten kentzeko erabakiaz xehetasunak bildu ditugu ELB sindikatuaren eskutik. 1986. urtean behi-esne prezioen kontrolatzeko indarrean ezarritako kuoten neurria desagertaraztearekin, ekoizle handiek abantaila izanen baitute, ekoizle txikien aldean.</p>\r\n",
        "show": 4,
        "image": "shows/13feb-dop-cebolla5.jpg",
        "title": "Saio osoa",
        "pub_date": "2015-07-06T06:00:00Z",
        "slug": "saio-osoa"
    },
    "model": "radio.radiopodcast",
    "pk": 4
},
{
    "fields": {
        "description": "<p>Hemen duzue ikasturte honetan azken Amapola Morea saioa. Anari abeslari, sortzaile eta erakaslea eragutzeko aukera izan dugu besteak beste. Sekulako plazerra. Eskerrikasko Anari !</p>\r\n",
        "show": 5,
        "image": "shows/anari.jpg",
        "title": "Anarirekin elkarrizketa",
        "pub_date": "2015-07-09T13:01:16Z",
        "slug": "anarirekin-elkarrizketa"
    },
    "model": "radio.radiopodcast",
    "pk": 5
},
{
    "fields": {
        "description": "<p>EHKZ Ipar Euskal Herriko gazte mugimenduaren kazeta digitala da. Bere ibilbide, izaera eta asmoaren inguruan aritu zaigu Ekhi, proiektuko kidea.</p>\r\n",
        "show": 6,
        "image": "shows/guz_ehkz_03.jpg",
        "title": "EHKZ",
        "pub_date": "2015-07-08T13:06:16Z",
        "slug": "ehkz"
    },
    "model": "radio.radiopodcast",
    "pk": 6
},
{
    "fields": {
        "description": "<h1>Martxoan, emakumeon eskubideen aldeko hilabetea,</h1>\r\n\r\n<p>Antxeta Irratian. Martxoaren 8ko egunaren karietara, ekoiztutako irratsaio berezia entzuteko aukera duzue.</p>\r\n",
        "show": 7,
        "image": "",
        "title": "Martxoak 8rako saio berezia",
        "pub_date": "2015-07-22T13:11:09Z",
        "slug": "martxoak-8rako-saio-berezia"
    },
    "model": "radio.radiopodcast",
    "pk": 7
},
{
    "fields": {
        "description": "<p>Kaixo!! Gaurkoan zuekin <strong>Gure Esku Dago</strong>-ren antolakuntzan dabilen Jexux elkarrizketatu dugu, nola doa dena? Lan ugari?. Bestetik <strong>Aratz</strong> ekarri dugu gurera <strong>Irungo jai alternatiboen</strong> inguruan mintzatu gara. 30 bakarrik ez delako jai eguna!!</p>\r\n\r\n<p>Hau izan da kurtsoko azken irratsaioa, udara bukatzean itzuliko gara. JAIA ETA BORROKA!! Aio!!</p>\r\n",
        "show": 8,
        "image": "",
        "title": "Saio osoa",
        "pub_date": "2015-07-08T13:14:24Z",
        "slug": "saio-osoa"
    },
    "model": "radio.radiopodcast",
    "pk": 8
},
{
    "fields": {
        "colour": "#ff0000",
        "name": "Gorria"
    },
    "model": "schedule.label",
    "pk": 1
},
{
    "fields": {
        "colour": "#000000",
        "name": "Beltza"
    },
    "model": "schedule.label",
    "pk": 2
},
{
    "fields": {
        "colour": "#000000",
        "name": "Beltza"
    },
    "model": "schedule.label",
    "pk": 3
},
{
    "fields": {
        "colour": "#ff0000",
        "name": "Gorria"
    },
    "model": "schedule.label",
    "pk": 4
},
{
    "fields": {
        "colour": "#00ff15",
        "name": "Berdea"
    },
    "model": "schedule.label",
    "pk": 5
},
{
    "fields": {
        "colour": "#ff00d9",
        "name": "Morea"
    },
    "model": "schedule.label",
    "pk": 6
},
{
    "fields": {
        "colour": "#000000",
        "name": "Txuria"
    },
    "model": "schedule.label",
    "pk": 7
},
{
    "fields": {
        "colour": "#5aaf47",
        "name": "Berde iluna"
    },
    "model": "schedule.label",
    "pk": 8
},
{
    "fields": {
        "colour": "#630051",
        "name": "More iluna"
    },
    "model": "schedule.label",
    "pk": 9
},
{
    "fields": {
        "colour": "#ffacf0",
        "name": "Arroxa"
    },
    "model": "schedule.label",
    "pk": 10
},
{
    "fields": {
        "colour": "#fff300",
        "name": "Horia"
    },
    "model": "schedule.label",
    "pk": 11
},
{
    "fields": {
        "colour": "#00daff",
        "name": "urdina"
    },
    "model": "schedule.label",
    "pk": 12
},
{
    "fields": {
        "colour": "#0051ff",
        "name": "Urdin iluna"
    },
    "model": "schedule.label",
    "pk": 13
},
{
    "fields": {
        "colour": "#00ffe7",
        "name": "Urdin fosfi"
    },
    "model": "schedule.label",
    "pk": 14
},
{
    "fields": {
        "foreground": 3,
        "name": "Kiroletik",
        "ending": "10:00:00",
        "link": "/kiroletik",
        "weekday": 0,
        "background": 4,
        "beginning": "09:00:00"
    },
    "model": "schedule.broadcast",
    "pk": 1
},
{
    "fields": {
        "foreground": 2,
        "name": "Txingurri hotsak",
        "ending": "12:00:00",
        "link": "/txingurri_hotsak",
        "weekday": 0,
        "background": 5,
        "beginning": "10:00:00"
    },
    "model": "schedule.broadcast",
    "pk": 2
},
{
    "fields": {
        "foreground": 2,
        "name": "Gonekin ero bero",
        "ending": "13:30:00",
        "link": "/gonekin",
        "weekday": 0,
        "background": 6,
        "beginning": "12:00:00"
    },
    "model": "schedule.broadcast",
    "pk": 3
},
{
    "fields": {
        "foreground": 7,
        "name": "Aitzurra",
        "ending": "17:00:00",
        "link": "",
        "weekday": 0,
        "background": 8,
        "beginning": "13:30:00"
    },
    "model": "schedule.broadcast",
    "pk": 4
},
{
    "fields": {
        "foreground": 7,
        "name": "Amapola morea",
        "ending": "18:00:00",
        "link": "/amapola_morea",
        "weekday": 0,
        "background": 9,
        "beginning": "17:00:00"
    },
    "model": "schedule.broadcast",
    "pk": 5
},
{
    "fields": {
        "foreground": 7,
        "name": "Zebra bidea",
        "ending": "20:30:00",
        "link": "/zebra_bidea",
        "weekday": 0,
        "background": 2,
        "beginning": "18:00:00"
    },
    "model": "schedule.broadcast",
    "pk": 6
},
{
    "fields": {
        "foreground": 7,
        "name": "Hari gorria",
        "ending": "12:00:00",
        "link": "",
        "weekday": 1,
        "background": 1,
        "beginning": "10:00:00"
    },
    "model": "schedule.broadcast",
    "pk": 7
},
{
    "fields": {
        "foreground": 1,
        "name": "Ezker gantxoa",
        "ending": "13:00:00",
        "link": "/ezker_gantxoa",
        "weekday": 1,
        "background": 2,
        "beginning": "12:00:00"
    },
    "model": "schedule.broadcast",
    "pk": 8
},
{
    "fields": {
        "foreground": 2,
        "name": "Aiako harrikada",
        "ending": "17:30:00",
        "link": "/aiako_harrikada",
        "weekday": 1,
        "background": 10,
        "beginning": "15:00:00"
    },
    "model": "schedule.broadcast",
    "pk": 9
},
{
    "fields": {
        "foreground": 2,
        "name": "Bazkalaurrekoa",
        "ending": "18:00:00",
        "link": "/bazkalaurrekoa",
        "weekday": 1,
        "background": 11,
        "beginning": "17:00:00"
    },
    "model": "schedule.broadcast",
    "pk": 10
},
{
    "fields": {
        "foreground": 2,
        "name": "Bidasoaldeko Efemerideak",
        "ending": "22:00:00",
        "link": "/bidasoaldeko_efemerideak",
        "weekday": 1,
        "background": 12,
        "beginning": "20:00:00"
    },
    "model": "schedule.broadcast",
    "pk": 11
},
{
    "fields": {
        "foreground": 2,
        "name": "Donostiko 59. Zinemaldia",
        "ending": "15:00:00",
        "link": "",
        "weekday": 2,
        "background": 13,
        "beginning": "13:00:00"
    },
    "model": "schedule.broadcast",
    "pk": 12
},
{
    "fields": {
        "foreground": 2,
        "name": "Elkarrizketak / Erreportaiak / Kolaborazioak",
        "ending": "14:00:00",
        "link": "",
        "weekday": 1,
        "background": 14,
        "beginning": "08:00:00"
    },
    "model": "schedule.broadcast",
    "pk": 13
},
{
    "fields": {
        "foreground": 3,
        "name": "Herri pilulak",
        "ending": "20:00:00",
        "link": "/herri_pilulak",
        "weekday": 3,
        "background": 9,
        "beginning": "15:00:00"
    },
    "model": "schedule.broadcast",
    "pk": 14
},
{
    "fields": {
        "foreground": 3,
        "name": "Kale kantoian",
        "ending": "20:00:00",
        "link": "/kale_kantoian",
        "weekday": 4,
        "background": 9,
        "beginning": "08:00:00"
    },
    "model": "schedule.broadcast",
    "pk": 15
},
{
    "fields": {
        "foreground": 2,
        "name": "Musika klik",
        "ending": "13:00:00",
        "link": "/musika_klik",
        "weekday": 5,
        "background": 1,
        "beginning": "12:00:00"
    },
    "model": "schedule.broadcast",
    "pk": 16
},
{
    "fields": {
        "foreground": 3,
        "name": "Gure kunka",
        "ending": "20:00:00",
        "link": "/gure_kunka",
        "weekday": 6,
        "background": 10,
        "beginning": "16:00:00"
    },
    "model": "schedule.broadcast",
    "pk": 17
},
{
    "fields": {
        "content": "<p><a href=\"http://metalgarrasia.org\"><img alt=\"\" src=\"/media/ckeditor/2015/07/22/banner5_OATM6an.jpg\" style=\"height:250px; width:1020px\" /></a></p>\r\n",
        "position": 1,
        "name": "Metal garrasia"
    },
    "model": "widgets.widget",
    "pk": 1
},
{
    "fields": {
        "content": "<p><a href=\"http://harigorria.org\"><img alt=\"\" src=\"/media/ckeditor/2015/07/22/haria-gorria-karratu.jpg\" style=\"height:578px; width:578px\" /></a></p>\r\n",
        "position": 2,
        "name": "Hari gorria"
    },
    "model": "widgets.widget",
    "pk": 2
},
{
    "fields": {
        "content": "<p><a href=\"http://amapolamorea.org\"><img alt=\"\" src=\"/media/ckeditor/2015/07/22/amapola_eur.jpg\" style=\"height:166px; width:169px\" /></a></p>\r\n",
        "position": 3,
        "name": "Amapola morea"
    },
    "model": "widgets.widget",
    "pk": 3
},
{
    "fields": {
        "description": "<p>Laburmetrai baten proiekzioa: Eta zu gizonezkoa bazina eta ni emakumezkoa? edo alderantziz? gaiari buruz eztabaidatuko dugu ondoren</p>\r\n",
        "title": "Asteazken kuturalak: Eta zu gizonezkoa bazina eta ni emakumezkoa? edo alderantziz?",
        "image": "events/lakaxita.jpg",
        "link": "http://lakaxita.org/",
        "location": "Lakaxita",
        "recurrences": "RRULE:FREQ=WEEKLY;INTERVAL=2;COUNT=3;BYDAY=WE",
        "time": "13:47:15",
        "slug": "asteazken-kuturalak-eta-zu-gizonezkoa-bazina-eta-n"
    },
    "model": "events.event",
    "pk": 1
},
{
    "fields": {
        "description": "<p>&quot;Arthur y los Minimoys&quot;</p>\r\n",
        "title": "Kale zinema",
        "image": "events/d052ce56b6ddbf188adaa227aa037ad8-d5yfxi2.png",
        "link": "",
        "location": "Urdanibia plaza",
        "recurrences": "RDATE:20150709T220000Z",
        "time": "13:49:45",
        "slug": "kale-zinema"
    },
    "model": "events.event",
    "pk": 2
},
{
    "fields": {
        "description": "<p>Finalaren kontzertua</p>\r\n",
        "title": "Musikirun maketa lehiaketa",
        "image": "",
        "link": "http://irun.org/",
        "location": "Urdanibia plaza",
        "recurrences": "RDATE:20150730T220000Z",
        "time": "14:05:47",
        "slug": "musikirun-maketa-lehiaketa"
    },
    "model": "events.event",
    "pk": 3
},
{
    "fields": {
        "description": "<p>&quot;Junkal Andre Mariaren Omenezkoa&quot;, Irun Hiria Musika Banda</p>\r\n",
        "title": "Kontzertua",
        "image": "events/directional_device_by_suicidebysafetypin-d5ayksp.jpg",
        "link": "",
        "location": "Junkal plazatxoa",
        "recurrences": "RDATE:20150819T220000Z",
        "time": "14:07:38",
        "slug": "kontzertua"
    },
    "model": "events.event",
    "pk": 4
},
{
    "fields": {
        "description": "<p>&quot; 12 Musicales&quot; izeneko dantza ikuskizun honetan honako dantza eskolek parte hartuko dute: Teresa Tejedor (Errenteria), Carmen Garmendia (Donostia), Marisa Merino (Zarautz), Jose Maria Orbegozo (Beasain), Carlos Zapirain (Hondarribia) eta Irungo Tatiana eta Ainhoa dantza akademiak.</p>\r\n",
        "title": "Dantza ikuskizuna",
        "image": "events/for_the_sake_of_color_by_suicidebysafetypin-d5gkkz2.jpg",
        "link": "",
        "location": "Amaia",
        "recurrences": "RRULE:FREQ=MONTHLY;COUNT=3;BYMONTHDAY=2",
        "time": "14:08:29",
        "slug": "dantza-ikuskizuna"
    },
    "model": "events.event",
    "pk": 5
},
{
    "fields": {
        "codename": "add_logentry",
        "name": "Can add log entry",
        "content_type": 1
    },
    "model": "auth.permission",
    "pk": 1
},
{
    "fields": {
        "codename": "change_logentry",
        "name": "Can change log entry",
        "content_type": 1
    },
    "model": "auth.permission",
    "pk": 2
},
{
    "fields": {
        "codename": "delete_logentry",
        "name": "Can delete log entry",
        "content_type": 1
    },
    "model": "auth.permission",
    "pk": 3
},
{
    "fields": {
        "codename": "add_site",
        "name": "Can add site",
        "content_type": 2
    },
    "model": "auth.permission",
    "pk": 4
},
{
    "fields": {
        "codename": "change_site",
        "name": "Can change site",
        "content_type": 2
    },
    "model": "auth.permission",
    "pk": 5
},
{
    "fields": {
        "codename": "delete_site",
        "name": "Can delete site",
        "content_type": 2
    },
    "model": "auth.permission",
    "pk": 6
},
{
    "fields": {
        "codename": "add_permission",
        "name": "Can add permission",
        "content_type": 3
    },
    "model": "auth.permission",
    "pk": 7
},
{
    "fields": {
        "codename": "change_permission",
        "name": "Can change permission",
        "content_type": 3
    },
    "model": "auth.permission",
    "pk": 8
},
{
    "fields": {
        "codename": "delete_permission",
        "name": "Can delete permission",
        "content_type": 3
    },
    "model": "auth.permission",
    "pk": 9
},
{
    "fields": {
        "codename": "add_group",
        "name": "Can add group",
        "content_type": 4
    },
    "model": "auth.permission",
    "pk": 10
},
{
    "fields": {
        "codename": "change_group",
        "name": "Can change group",
        "content_type": 4
    },
    "model": "auth.permission",
    "pk": 11
},
{
    "fields": {
        "codename": "delete_group",
        "name": "Can delete group",
        "content_type": 4
    },
    "model": "auth.permission",
    "pk": 12
},
{
    "fields": {
        "codename": "add_user",
        "name": "Can add user",
        "content_type": 5
    },
    "model": "auth.permission",
    "pk": 13
},
{
    "fields": {
        "codename": "change_user",
        "name": "Can change user",
        "content_type": 5
    },
    "model": "auth.permission",
    "pk": 14
},
{
    "fields": {
        "codename": "delete_user",
        "name": "Can delete user",
        "content_type": 5
    },
    "model": "auth.permission",
    "pk": 15
},
{
    "fields": {
        "codename": "add_contenttype",
        "name": "Can add content type",
        "content_type": 6
    },
    "model": "auth.permission",
    "pk": 16
},
{
    "fields": {
        "codename": "change_contenttype",
        "name": "Can change content type",
        "content_type": 6
    },
    "model": "auth.permission",
    "pk": 17
},
{
    "fields": {
        "codename": "delete_contenttype",
        "name": "Can delete content type",
        "content_type": 6
    },
    "model": "auth.permission",
    "pk": 18
},
{
    "fields": {
        "codename": "add_session",
        "name": "Can add session",
        "content_type": 7
    },
    "model": "auth.permission",
    "pk": 19
},
{
    "fields": {
        "codename": "change_session",
        "name": "Can change session",
        "content_type": 7
    },
    "model": "auth.permission",
    "pk": 20
},
{
    "fields": {
        "codename": "delete_session",
        "name": "Can delete session",
        "content_type": 7
    },
    "model": "auth.permission",
    "pk": 21
},
{
    "fields": {
        "codename": "add_recurrence",
        "name": "Can add recurrence",
        "content_type": 8
    },
    "model": "auth.permission",
    "pk": 22
},
{
    "fields": {
        "codename": "change_recurrence",
        "name": "Can change recurrence",
        "content_type": 8
    },
    "model": "auth.permission",
    "pk": 23
},
{
    "fields": {
        "codename": "delete_recurrence",
        "name": "Can delete recurrence",
        "content_type": 8
    },
    "model": "auth.permission",
    "pk": 24
},
{
    "fields": {
        "codename": "add_rule",
        "name": "Can add rule",
        "content_type": 9
    },
    "model": "auth.permission",
    "pk": 25
},
{
    "fields": {
        "codename": "change_rule",
        "name": "Can change rule",
        "content_type": 9
    },
    "model": "auth.permission",
    "pk": 26
},
{
    "fields": {
        "codename": "delete_rule",
        "name": "Can delete rule",
        "content_type": 9
    },
    "model": "auth.permission",
    "pk": 27
},
{
    "fields": {
        "codename": "add_date",
        "name": "Can add date",
        "content_type": 10
    },
    "model": "auth.permission",
    "pk": 28
},
{
    "fields": {
        "codename": "change_date",
        "name": "Can change date",
        "content_type": 10
    },
    "model": "auth.permission",
    "pk": 29
},
{
    "fields": {
        "codename": "delete_date",
        "name": "Can delete date",
        "content_type": 10
    },
    "model": "auth.permission",
    "pk": 30
},
{
    "fields": {
        "codename": "add_param",
        "name": "Can add param",
        "content_type": 11
    },
    "model": "auth.permission",
    "pk": 31
},
{
    "fields": {
        "codename": "change_param",
        "name": "Can change param",
        "content_type": 11
    },
    "model": "auth.permission",
    "pk": 32
},
{
    "fields": {
        "codename": "delete_param",
        "name": "Can delete param",
        "content_type": 11
    },
    "model": "auth.permission",
    "pk": 33
},
{
    "fields": {
        "codename": "add_queue",
        "name": "Can add queue",
        "content_type": 12
    },
    "model": "auth.permission",
    "pk": 34
},
{
    "fields": {
        "codename": "change_queue",
        "name": "Can change queue",
        "content_type": 12
    },
    "model": "auth.permission",
    "pk": 35
},
{
    "fields": {
        "codename": "delete_queue",
        "name": "Can delete queue",
        "content_type": 12
    },
    "model": "auth.permission",
    "pk": 36
},
{
    "fields": {
        "codename": "add_message",
        "name": "Can add message",
        "content_type": 13
    },
    "model": "auth.permission",
    "pk": 37
},
{
    "fields": {
        "codename": "change_message",
        "name": "Can change message",
        "content_type": 13
    },
    "model": "auth.permission",
    "pk": 38
},
{
    "fields": {
        "codename": "delete_message",
        "name": "Can delete message",
        "content_type": 13
    },
    "model": "auth.permission",
    "pk": 39
},
{
    "fields": {
        "codename": "add_account",
        "name": "Can add Account",
        "content_type": 14
    },
    "model": "auth.permission",
    "pk": 40
},
{
    "fields": {
        "codename": "change_account",
        "name": "Can change Account",
        "content_type": 14
    },
    "model": "auth.permission",
    "pk": 41
},
{
    "fields": {
        "codename": "delete_account",
        "name": "Can delete Account",
        "content_type": 14
    },
    "model": "auth.permission",
    "pk": 42
},
{
    "fields": {
        "codename": "add_license",
        "name": "Can add License",
        "content_type": 15
    },
    "model": "auth.permission",
    "pk": 43
},
{
    "fields": {
        "codename": "change_license",
        "name": "Can change License",
        "content_type": 15
    },
    "model": "auth.permission",
    "pk": 44
},
{
    "fields": {
        "codename": "delete_license",
        "name": "Can delete License",
        "content_type": 15
    },
    "model": "auth.permission",
    "pk": 45
},
{
    "fields": {
        "codename": "add_blob",
        "name": "Can add Blob",
        "content_type": 16
    },
    "model": "auth.permission",
    "pk": 46
},
{
    "fields": {
        "codename": "change_blob",
        "name": "Can change Blob",
        "content_type": 16
    },
    "model": "auth.permission",
    "pk": 47
},
{
    "fields": {
        "codename": "delete_blob",
        "name": "Can delete Blob",
        "content_type": 16
    },
    "model": "auth.permission",
    "pk": 48
},
{
    "fields": {
        "codename": "add_blobupload",
        "name": "Can add Blob upload",
        "content_type": 17
    },
    "model": "auth.permission",
    "pk": 49
},
{
    "fields": {
        "codename": "change_blobupload",
        "name": "Can change Blob upload",
        "content_type": 17
    },
    "model": "auth.permission",
    "pk": 50
},
{
    "fields": {
        "codename": "delete_blobupload",
        "name": "Can delete Blob upload",
        "content_type": 17
    },
    "model": "auth.permission",
    "pk": 51
},
{
    "fields": {
        "codename": "add_newscategory",
        "name": "Can add News category",
        "content_type": 18
    },
    "model": "auth.permission",
    "pk": 52
},
{
    "fields": {
        "codename": "change_newscategory",
        "name": "Can change News category",
        "content_type": 18
    },
    "model": "auth.permission",
    "pk": 53
},
{
    "fields": {
        "codename": "delete_newscategory",
        "name": "Can delete News category",
        "content_type": 18
    },
    "model": "auth.permission",
    "pk": 54
},
{
    "fields": {
        "codename": "add_newsshow",
        "name": "Can add News show",
        "content_type": 19
    },
    "model": "auth.permission",
    "pk": 55
},
{
    "fields": {
        "codename": "change_newsshow",
        "name": "Can change News show",
        "content_type": 19
    },
    "model": "auth.permission",
    "pk": 56
},
{
    "fields": {
        "codename": "delete_newsshow",
        "name": "Can delete News show",
        "content_type": 19
    },
    "model": "auth.permission",
    "pk": 57
},
{
    "fields": {
        "codename": "add_newspodcast",
        "name": "Can add News podcast",
        "content_type": 20
    },
    "model": "auth.permission",
    "pk": 58
},
{
    "fields": {
        "codename": "change_newspodcast",
        "name": "Can change News podcast",
        "content_type": 20
    },
    "model": "auth.permission",
    "pk": 59
},
{
    "fields": {
        "codename": "delete_newspodcast",
        "name": "Can delete News podcast",
        "content_type": 20
    },
    "model": "auth.permission",
    "pk": 60
},
{
    "fields": {
        "codename": "add_radiocategory",
        "name": "Can add Radio category",
        "content_type": 21
    },
    "model": "auth.permission",
    "pk": 61
},
{
    "fields": {
        "codename": "change_radiocategory",
        "name": "Can change Radio category",
        "content_type": 21
    },
    "model": "auth.permission",
    "pk": 62
},
{
    "fields": {
        "codename": "delete_radiocategory",
        "name": "Can delete Radio category",
        "content_type": 21
    },
    "model": "auth.permission",
    "pk": 63
},
{
    "fields": {
        "codename": "add_radioproducer",
        "name": "Can add Radio producer",
        "content_type": 22
    },
    "model": "auth.permission",
    "pk": 64
},
{
    "fields": {
        "codename": "change_radioproducer",
        "name": "Can change Radio producer",
        "content_type": 22
    },
    "model": "auth.permission",
    "pk": 65
},
{
    "fields": {
        "codename": "delete_radioproducer",
        "name": "Can delete Radio producer",
        "content_type": 22
    },
    "model": "auth.permission",
    "pk": 66
},
{
    "fields": {
        "codename": "add_radioshow",
        "name": "Can add Radio show",
        "content_type": 23
    },
    "model": "auth.permission",
    "pk": 67
},
{
    "fields": {
        "codename": "change_radioshow",
        "name": "Can change Radio show",
        "content_type": 23
    },
    "model": "auth.permission",
    "pk": 68
},
{
    "fields": {
        "codename": "delete_radioshow",
        "name": "Can delete Radio show",
        "content_type": 23
    },
    "model": "auth.permission",
    "pk": 69
},
{
    "fields": {
        "codename": "add_radiopodcast",
        "name": "Can add Radio podcast",
        "content_type": 24
    },
    "model": "auth.permission",
    "pk": 70
},
{
    "fields": {
        "codename": "change_radiopodcast",
        "name": "Can change Radio podcast",
        "content_type": 24
    },
    "model": "auth.permission",
    "pk": 71
},
{
    "fields": {
        "codename": "delete_radiopodcast",
        "name": "Can delete Radio podcast",
        "content_type": 24
    },
    "model": "auth.permission",
    "pk": 72
},
{
    "fields": {
        "codename": "add_projectproducer",
        "name": "Can add Project producer",
        "content_type": 25
    },
    "model": "auth.permission",
    "pk": 73
},
{
    "fields": {
        "codename": "change_projectproducer",
        "name": "Can change Project producer",
        "content_type": 25
    },
    "model": "auth.permission",
    "pk": 74
},
{
    "fields": {
        "codename": "delete_projectproducer",
        "name": "Can delete Project producer",
        "content_type": 25
    },
    "model": "auth.permission",
    "pk": 75
},
{
    "fields": {
        "codename": "add_projectshow",
        "name": "Can add Project show",
        "content_type": 26
    },
    "model": "auth.permission",
    "pk": 76
},
{
    "fields": {
        "codename": "change_projectshow",
        "name": "Can change Project show",
        "content_type": 26
    },
    "model": "auth.permission",
    "pk": 77
},
{
    "fields": {
        "codename": "delete_projectshow",
        "name": "Can delete Project show",
        "content_type": 26
    },
    "model": "auth.permission",
    "pk": 78
},
{
    "fields": {
        "codename": "add_projectpodcast",
        "name": "Can add Project podcast",
        "content_type": 27
    },
    "model": "auth.permission",
    "pk": 79
},
{
    "fields": {
        "codename": "change_projectpodcast",
        "name": "Can change Project podcast",
        "content_type": 27
    },
    "model": "auth.permission",
    "pk": 80
},
{
    "fields": {
        "codename": "delete_projectpodcast",
        "name": "Can delete Project podcast",
        "content_type": 27
    },
    "model": "auth.permission",
    "pk": 81
},
{
    "fields": {
        "codename": "add_label",
        "name": "Can add Label",
        "content_type": 28
    },
    "model": "auth.permission",
    "pk": 82
},
{
    "fields": {
        "codename": "change_label",
        "name": "Can change Label",
        "content_type": 28
    },
    "model": "auth.permission",
    "pk": 83
},
{
    "fields": {
        "codename": "delete_label",
        "name": "Can delete Label",
        "content_type": 28
    },
    "model": "auth.permission",
    "pk": 84
},
{
    "fields": {
        "codename": "add_broadcast",
        "name": "Can add Broadcast",
        "content_type": 29
    },
    "model": "auth.permission",
    "pk": 85
},
{
    "fields": {
        "codename": "change_broadcast",
        "name": "Can change Broadcast",
        "content_type": 29
    },
    "model": "auth.permission",
    "pk": 86
},
{
    "fields": {
        "codename": "delete_broadcast",
        "name": "Can delete Broadcast",
        "content_type": 29
    },
    "model": "auth.permission",
    "pk": 87
},
{
    "fields": {
        "codename": "add_widget",
        "name": "Can add Widget",
        "content_type": 30
    },
    "model": "auth.permission",
    "pk": 88
},
{
    "fields": {
        "codename": "change_widget",
        "name": "Can change Widget",
        "content_type": 30
    },
    "model": "auth.permission",
    "pk": 89
},
{
    "fields": {
        "codename": "delete_widget",
        "name": "Can delete Widget",
        "content_type": 30
    },
    "model": "auth.permission",
    "pk": 90
},
{
    "fields": {
        "codename": "add_event",
        "name": "Can add Event",
        "content_type": 31
    },
    "model": "auth.permission",
    "pk": 91
},
{
    "fields": {
        "codename": "change_event",
        "name": "Can change Event",
        "content_type": 31
    },
    "model": "auth.permission",
    "pk": 92
},
{
    "fields": {
        "codename": "delete_event",
        "name": "Can delete Event",
        "content_type": 31
    },
    "model": "auth.permission",
    "pk": 93
},
{
    "fields": {
        "codename": "add_flatpage",
        "name": "Can add Flatpage",
        "content_type": 32
    },
    "model": "auth.permission",
    "pk": 94
},
{
    "fields": {
        "codename": "change_flatpage",
        "name": "Can change Flatpage",
        "content_type": 32
    },
    "model": "auth.permission",
    "pk": 95
},
{
    "fields": {
        "codename": "delete_flatpage",
        "name": "Can delete Flatpage",
        "content_type": 32
    },
    "model": "auth.permission",
    "pk": 96
},
{
    "fields": {
        "username": "admin",
        "first_name": "",
        "last_name": "",
        "is_active": true,
        "is_superuser": true,
        "is_staff": true,
        "last_login": "2015-07-23T15:58:12.458Z",
        "groups": [],
        "user_permissions": [],
        "password": "pbkdf2_sha256$20000$dEIpCZPm3qNo$9dzc5slCGY1aXU1UJ++TKCmFgdj6OSG/bHpn3QY1fqI=",
        "email": "admin@admin.admin",
        "date_joined": "2015-07-22T11:57:57.101Z"
    },
    "model": "auth.user",
    "pk": 1
},
{
    "fields": {
        "action_flag": 1,
        "action_time": "2015-07-22T12:02:42.786Z",
        "object_repr": "Kirolak",
        "object_id": "1",
        "change_message": "",
        "user": 1,
        "content_type": 21
    },
    "model": "admin.logentry",
    "pk": 1
},
{
    "fields": {
        "action_flag": 1,
        "action_time": "2015-07-22T12:03:08.116Z",
        "object_repr": "Pausumedia",
        "object_id": "1",
        "change_message": "",
        "user": 1,
        "content_type": 22
    },
    "model": "admin.logentry",
    "pk": 2
},
{
    "fields": {
        "action_flag": 1,
        "action_time": "2015-07-22T12:03:12.356Z",
        "object_repr": "Kiroletik",
        "object_id": "1",
        "change_message": "",
        "user": 1,
        "content_type": 23
    },
    "model": "admin.logentry",
    "pk": 3
},
{
    "fields": {
        "action_flag": 1,
        "action_time": "2015-07-22T12:05:01.817Z",
        "object_repr": "Antxetamedia",
        "object_id": "1",
        "change_message": "",
        "user": 1,
        "content_type": 11
    },
    "model": "admin.logentry",
    "pk": 4
},
{
    "fields": {
        "action_flag": 1,
        "action_time": "2015-07-22T12:06:16.101Z",
        "object_repr": "Antxeta",
        "object_id": "2",
        "change_message": "",
        "user": 1,
        "content_type": 11
    },
    "model": "admin.logentry",
    "pk": 5
},
{
    "fields": {
        "action_flag": 1,
        "action_time": "2015-07-22T12:15:47.318Z",
        "object_repr": "cc-by-sa",
        "object_id": "1",
        "change_message": "",
        "user": 1,
        "content_type": 12
    },
    "model": "admin.logentry",
    "pk": 6
},
{
    "fields": {
        "action_flag": 1,
        "action_time": "2015-07-22T12:16:06.513Z",
        "object_repr": "cc-by",
        "object_id": "2",
        "change_message": "",
        "user": 1,
        "content_type": 12
    },
    "model": "admin.logentry",
    "pk": 7
},
{
    "fields": {
        "action_flag": 1,
        "action_time": "2015-07-22T12:16:31.851Z",
        "object_repr": "Real Unionen zelai erdia indartuko du Martinsek",
        "object_id": "1",
        "change_message": "",
        "user": 1,
        "content_type": 21
    },
    "model": "admin.logentry",
    "pk": 8
},
{
    "fields": {
        "action_flag": 1,
        "action_time": "2015-07-22T12:38:05.077Z",
        "object_repr": "Lurra",
        "object_id": "2",
        "change_message": "",
        "user": 1,
        "content_type": 21
    },
    "model": "admin.logentry",
    "pk": 9
},
{
    "fields": {
        "action_flag": 1,
        "action_time": "2015-07-22T12:38:22.718Z",
        "object_repr": "Antxetamedia",
        "object_id": "2",
        "change_message": "",
        "user": 1,
        "content_type": 22
    },
    "model": "admin.logentry",
    "pk": 10
},
{
    "fields": {
        "action_flag": 1,
        "action_time": "2015-07-22T12:41:30.746Z",
        "object_repr": "Txingurri hotsak",
        "object_id": "2",
        "change_message": "",
        "user": 1,
        "content_type": 23
    },
    "model": "admin.logentry",
    "pk": 11
},
{
    "fields": {
        "action_flag": 3,
        "action_time": "2015-07-22T12:42:41.689Z",
        "object_repr": "Antxetamedia",
        "object_id": "1",
        "change_message": "",
        "user": 1,
        "content_type": 11
    },
    "model": "admin.logentry",
    "pk": 12
},
{
    "fields": {
        "action_flag": 1,
        "action_time": "2015-07-22T12:42:52.654Z",
        "object_repr": "Saio osoa",
        "object_id": "2",
        "change_message": "",
        "user": 1,
        "content_type": 21
    },
    "model": "admin.logentry",
    "pk": 13
},
{
    "fields": {
        "action_flag": 1,
        "action_time": "2015-07-22T12:55:00.683Z",
        "object_repr": "Feminismoa",
        "object_id": "3",
        "change_message": "",
        "user": 1,
        "content_type": 21
    },
    "model": "admin.logentry",
    "pk": 14
},
{
    "fields": {
        "action_flag": 1,
        "action_time": "2015-07-22T12:55:06.760Z",
        "object_repr": "Gonekin ero bero",
        "object_id": "3",
        "change_message": "",
        "user": 1,
        "content_type": 23
    },
    "model": "admin.logentry",
    "pk": 15
},
{
    "fields": {
        "action_flag": 1,
        "action_time": "2015-07-22T12:55:16.422Z",
        "object_repr": "Saio osoa",
        "object_id": "3",
        "change_message": "",
        "user": 1,
        "content_type": 21
    },
    "model": "admin.logentry",
    "pk": 16
},
{
    "fields": {
        "action_flag": 2,
        "action_time": "2015-07-22T12:55:33.404Z",
        "object_repr": "Saio osoa",
        "object_id": "3",
        "change_message": "Added Blob \"Feminismoa - #2\".",
        "user": 1,
        "content_type": 21
    },
    "model": "admin.logentry",
    "pk": 17
},
{
    "fields": {
        "action_flag": 2,
        "action_time": "2015-07-22T12:55:46.066Z",
        "object_repr": "Saio osoa",
        "object_id": "3",
        "change_message": "Added Blob \"Feminismoa - #3\".",
        "user": 1,
        "content_type": 21
    },
    "model": "admin.logentry",
    "pk": 18
},
{
    "fields": {
        "action_flag": 1,
        "action_time": "2015-07-22T13:00:19.885Z",
        "object_repr": "Aitzurra",
        "object_id": "4",
        "change_message": "",
        "user": 1,
        "content_type": 23
    },
    "model": "admin.logentry",
    "pk": 19
},
{
    "fields": {
        "action_flag": 1,
        "action_time": "2015-07-22T13:01:11.461Z",
        "object_repr": "Saio osoa",
        "object_id": "4",
        "change_message": "",
        "user": 1,
        "content_type": 21
    },
    "model": "admin.logentry",
    "pk": 20
},
{
    "fields": {
        "action_flag": 1,
        "action_time": "2015-07-22T13:02:50.589Z",
        "object_repr": "Amapola morea",
        "object_id": "5",
        "change_message": "",
        "user": 1,
        "content_type": 23
    },
    "model": "admin.logentry",
    "pk": 21
},
{
    "fields": {
        "action_flag": 1,
        "action_time": "2015-07-22T13:03:27.855Z",
        "object_repr": "Anarirekin elkarrizketa",
        "object_id": "5",
        "change_message": "",
        "user": 1,
        "content_type": 21
    },
    "model": "admin.logentry",
    "pk": 22
},
{
    "fields": {
        "action_flag": 1,
        "action_time": "2015-07-22T13:10:09.694Z",
        "object_repr": "Kazeta",
        "object_id": "4",
        "change_message": "",
        "user": 1,
        "content_type": 21
    },
    "model": "admin.logentry",
    "pk": 23
},
{
    "fields": {
        "action_flag": 1,
        "action_time": "2015-07-22T13:10:28.164Z",
        "object_repr": "Zebra bidea",
        "object_id": "6",
        "change_message": "",
        "user": 1,
        "content_type": 23
    },
    "model": "admin.logentry",
    "pk": 24
},
{
    "fields": {
        "action_flag": 1,
        "action_time": "2015-07-22T13:11:05.828Z",
        "object_repr": "EHKZ",
        "object_id": "6",
        "change_message": "",
        "user": 1,
        "content_type": 21
    },
    "model": "admin.logentry",
    "pk": 25
},
{
    "fields": {
        "action_flag": 1,
        "action_time": "2015-07-22T13:12:56.269Z",
        "object_repr": "Hari gorria",
        "object_id": "7",
        "change_message": "",
        "user": 1,
        "content_type": 23
    },
    "model": "admin.logentry",
    "pk": 26
},
{
    "fields": {
        "action_flag": 1,
        "action_time": "2015-07-22T13:13:08.415Z",
        "object_repr": "Martxoak 8rako saio berezia",
        "object_id": "7",
        "change_message": "",
        "user": 1,
        "content_type": 21
    },
    "model": "admin.logentry",
    "pk": 27
},
{
    "fields": {
        "action_flag": 1,
        "action_time": "2015-07-22T13:16:36.962Z",
        "object_repr": "Gazteak",
        "object_id": "5",
        "change_message": "",
        "user": 1,
        "content_type": 21
    },
    "model": "admin.logentry",
    "pk": 28
},
{
    "fields": {
        "action_flag": 1,
        "action_time": "2015-07-22T13:16:43.245Z",
        "object_repr": "Ezker gantxoa",
        "object_id": "8",
        "change_message": "",
        "user": 1,
        "content_type": 23
    },
    "model": "admin.logentry",
    "pk": 29
},
{
    "fields": {
        "action_flag": 1,
        "action_time": "2015-07-22T13:16:55.080Z",
        "object_repr": "Saio osoa",
        "object_id": "8",
        "change_message": "",
        "user": 1,
        "content_type": 21
    },
    "model": "admin.logentry",
    "pk": 30
},
{
    "fields": {
        "action_flag": 1,
        "action_time": "2015-07-22T13:20:16.674Z",
        "object_repr": "Berriak",
        "object_id": "1",
        "change_message": "",
        "user": 1,
        "content_type": 19
    },
    "model": "admin.logentry",
    "pk": 31
},
{
    "fields": {
        "action_flag": 1,
        "action_time": "2015-07-22T13:20:36.915Z",
        "object_repr": "Kirola",
        "object_id": "1",
        "change_message": "",
        "user": 1,
        "content_type": 18
    },
    "model": "admin.logentry",
    "pk": 32
},
{
    "fields": {
        "action_flag": 1,
        "action_time": "2015-07-22T13:20:45.276Z",
        "object_repr": "Aisialdia",
        "object_id": "2",
        "change_message": "",
        "user": 1,
        "content_type": 18
    },
    "model": "admin.logentry",
    "pk": 33
},
{
    "fields": {
        "action_flag": 1,
        "action_time": "2015-07-22T13:21:08.152Z",
        "object_repr": "Urru\u00f1ako Oihana abentura parkea ezagutzeko aukera izan dugu",
        "object_id": "1",
        "change_message": "",
        "user": 1,
        "content_type": 20
    },
    "model": "admin.logentry",
    "pk": 34
},
{
    "fields": {
        "action_flag": 1,
        "action_time": "2015-07-22T13:22:06.878Z",
        "object_repr": "Kultura",
        "object_id": "3",
        "change_message": "",
        "user": 1,
        "content_type": 18
    },
    "model": "admin.logentry",
    "pk": 35
},
{
    "fields": {
        "action_flag": 1,
        "action_time": "2015-07-22T13:22:21.782Z",
        "object_repr": "Dies Oiassonis eta itzelezko erakusketa Oiasso Museoan",
        "object_id": "2",
        "change_message": "",
        "user": 1,
        "content_type": 20
    },
    "model": "admin.logentry",
    "pk": 36
},
{
    "fields": {
        "action_flag": 1,
        "action_time": "2015-07-22T13:26:53.660Z",
        "object_repr": "Pausu auzoko bestak martxan",
        "object_id": "3",
        "change_message": "",
        "user": 1,
        "content_type": 20
    },
    "model": "admin.logentry",
    "pk": 37
},
{
    "fields": {
        "action_flag": 1,
        "action_time": "2015-07-22T13:28:01.905Z",
        "object_repr": "Ingurugiroa",
        "object_id": "4",
        "change_message": "",
        "user": 1,
        "content_type": 18
    },
    "model": "admin.logentry",
    "pk": 38
},
{
    "fields": {
        "action_flag": 1,
        "action_time": "2015-07-22T13:28:22.843Z",
        "object_repr": "Beheko auzoko hainbat arazo konpontzeko zita",
        "object_id": "4",
        "change_message": "",
        "user": 1,
        "content_type": 20
    },
    "model": "admin.logentry",
    "pk": 39
},
{
    "fields": {
        "action_flag": 1,
        "action_time": "2015-07-22T13:31:03.727Z",
        "object_repr": "Aldarrikapenak",
        "object_id": "5",
        "change_message": "",
        "user": 1,
        "content_type": 18
    },
    "model": "admin.logentry",
    "pk": 40
},
{
    "fields": {
        "action_flag": 1,
        "action_time": "2015-07-22T13:31:14.165Z",
        "object_repr": "Kataluniatik Euskal Herrira txirrindan, kirola eta aldarrikapena!",
        "object_id": "5",
        "change_message": "",
        "user": 1,
        "content_type": 20
    },
    "model": "admin.logentry",
    "pk": 41
},
{
    "fields": {
        "action_flag": 1,
        "action_time": "2015-07-22T13:32:05.670Z",
        "object_repr": "Dena prest Hondarribian, Blues doinuak hartzeko",
        "object_id": "6",
        "change_message": "",
        "user": 1,
        "content_type": 20
    },
    "model": "admin.logentry",
    "pk": 42
},
{
    "fields": {
        "action_flag": 1,
        "action_time": "2015-07-22T13:33:59.065Z",
        "object_repr": "Politika",
        "object_id": "6",
        "change_message": "",
        "user": 1,
        "content_type": 18
    },
    "model": "admin.logentry",
    "pk": 43
},
{
    "fields": {
        "action_flag": 1,
        "action_time": "2015-07-22T13:34:01.875Z",
        "object_repr": "Herria eraikitzeko konpromisoa berritsi da Ficoban",
        "object_id": "7",
        "change_message": "",
        "user": 1,
        "content_type": 20
    },
    "model": "admin.logentry",
    "pk": 44
},
{
    "fields": {
        "action_flag": 1,
        "action_time": "2015-07-22T13:35:14.699Z",
        "object_repr": "EHan bakea lortzearen aldeko giza konferentzia",
        "object_id": "8",
        "change_message": "",
        "user": 1,
        "content_type": 20
    },
    "model": "admin.logentry",
    "pk": 45
},
{
    "fields": {
        "action_flag": 1,
        "action_time": "2015-07-22T13:48:42.352Z",
        "object_repr": "Asteazken kuturalak: Eta zu gizonezkoa bazina eta ni emakumezkoa? edo alderantziz?",
        "object_id": "1",
        "change_message": "",
        "user": 1,
        "content_type": 31
    },
    "model": "admin.logentry",
    "pk": 46
},
{
    "fields": {
        "action_flag": 1,
        "action_time": "2015-07-22T13:53:56.773Z",
        "object_repr": "Kale zinema",
        "object_id": "2",
        "change_message": "",
        "user": 1,
        "content_type": 31
    },
    "model": "admin.logentry",
    "pk": 47
},
{
    "fields": {
        "action_flag": 2,
        "action_time": "2015-07-22T14:01:44.373Z",
        "object_repr": "Asteazken kuturalak: Eta zu gizonezkoa bazina eta ni emakumezkoa? edo alderantziz?",
        "object_id": "1",
        "change_message": "Changed recurrences.",
        "user": 1,
        "content_type": 31
    },
    "model": "admin.logentry",
    "pk": 48
},
{
    "fields": {
        "action_flag": 1,
        "action_time": "2015-07-22T14:06:29.908Z",
        "object_repr": "Musikirun maketa lehiaketa",
        "object_id": "3",
        "change_message": "",
        "user": 1,
        "content_type": 31
    },
    "model": "admin.logentry",
    "pk": 49
},
{
    "fields": {
        "action_flag": 1,
        "action_time": "2015-07-22T14:07:53.095Z",
        "object_repr": "Kontzertua",
        "object_id": "4",
        "change_message": "",
        "user": 1,
        "content_type": 31
    },
    "model": "admin.logentry",
    "pk": 50
},
{
    "fields": {
        "action_flag": 1,
        "action_time": "2015-07-22T14:08:44.234Z",
        "object_repr": "Dantza ikuskizuna",
        "object_id": "5",
        "change_message": "",
        "user": 1,
        "content_type": 31
    },
    "model": "admin.logentry",
    "pk": 51
},
{
    "fields": {
        "action_flag": 2,
        "action_time": "2015-07-22T14:09:33.056Z",
        "object_repr": "Dantza ikuskizuna",
        "object_id": "5",
        "change_message": "Changed recurrences.",
        "user": 1,
        "content_type": 31
    },
    "model": "admin.logentry",
    "pk": 52
},
{
    "fields": {
        "action_flag": 1,
        "action_time": "2015-07-22T14:23:59.588Z",
        "object_repr": "Metal garrasia",
        "object_id": "1",
        "change_message": "",
        "user": 1,
        "content_type": 30
    },
    "model": "admin.logentry",
    "pk": 53
},
{
    "fields": {
        "action_flag": 1,
        "action_time": "2015-07-22T14:25:08.392Z",
        "object_repr": "Hari gorria",
        "object_id": "2",
        "change_message": "",
        "user": 1,
        "content_type": 30
    },
    "model": "admin.logentry",
    "pk": 54
},
{
    "fields": {
        "action_flag": 2,
        "action_time": "2015-07-22T14:25:24.569Z",
        "object_repr": "Hari gorria",
        "object_id": "2",
        "change_message": "Changed content.",
        "user": 1,
        "content_type": 30
    },
    "model": "admin.logentry",
    "pk": 55
},
{
    "fields": {
        "action_flag": 1,
        "action_time": "2015-07-22T14:26:19.127Z",
        "object_repr": "Amapola morea",
        "object_id": "3",
        "change_message": "",
        "user": 1,
        "content_type": 30
    },
    "model": "admin.logentry",
    "pk": 56
},
{
    "fields": {
        "action_flag": 1,
        "action_time": "2015-07-23T10:48:59.438Z",
        "object_repr": "Gorria",
        "object_id": "1",
        "change_message": "",
        "user": 1,
        "content_type": 28
    },
    "model": "admin.logentry",
    "pk": 57
},
{
    "fields": {
        "action_flag": 1,
        "action_time": "2015-07-23T10:49:15.381Z",
        "object_repr": "Beltza",
        "object_id": "2",
        "change_message": "",
        "user": 1,
        "content_type": 28
    },
    "model": "admin.logentry",
    "pk": 58
},
{
    "fields": {
        "action_flag": 1,
        "action_time": "2015-07-23T10:49:24.965Z",
        "object_repr": "Beltza",
        "object_id": "3",
        "change_message": "",
        "user": 1,
        "content_type": 28
    },
    "model": "admin.logentry",
    "pk": 59
},
{
    "fields": {
        "action_flag": 1,
        "action_time": "2015-07-23T10:49:36.971Z",
        "object_repr": "Gorria",
        "object_id": "4",
        "change_message": "",
        "user": 1,
        "content_type": 28
    },
    "model": "admin.logentry",
    "pk": 60
},
{
    "fields": {
        "action_flag": 1,
        "action_time": "2015-07-23T10:49:42.002Z",
        "object_repr": "Kiroletik",
        "object_id": "1",
        "change_message": "",
        "user": 1,
        "content_type": 29
    },
    "model": "admin.logentry",
    "pk": 61
},
{
    "fields": {
        "action_flag": 1,
        "action_time": "2015-07-23T10:52:23.365Z",
        "object_repr": "Berdea",
        "object_id": "5",
        "change_message": "",
        "user": 1,
        "content_type": 28
    },
    "model": "admin.logentry",
    "pk": 62
},
{
    "fields": {
        "action_flag": 1,
        "action_time": "2015-07-23T10:52:36.369Z",
        "object_repr": "Txingurri hotsak",
        "object_id": "2",
        "change_message": "",
        "user": 1,
        "content_type": 29
    },
    "model": "admin.logentry",
    "pk": 63
},
{
    "fields": {
        "action_flag": 1,
        "action_time": "2015-07-23T10:53:07.355Z",
        "object_repr": "Morea",
        "object_id": "6",
        "change_message": "",
        "user": 1,
        "content_type": 28
    },
    "model": "admin.logentry",
    "pk": 64
},
{
    "fields": {
        "action_flag": 1,
        "action_time": "2015-07-23T10:53:21.174Z",
        "object_repr": "Gonekin ero bero",
        "object_id": "3",
        "change_message": "",
        "user": 1,
        "content_type": 29
    },
    "model": "admin.logentry",
    "pk": 65
},
{
    "fields": {
        "action_flag": 1,
        "action_time": "2015-07-23T10:53:47.721Z",
        "object_repr": "Txuria",
        "object_id": "7",
        "change_message": "",
        "user": 1,
        "content_type": 28
    },
    "model": "admin.logentry",
    "pk": 66
},
{
    "fields": {
        "action_flag": 1,
        "action_time": "2015-07-23T10:54:09.578Z",
        "object_repr": "Berde iluna",
        "object_id": "8",
        "change_message": "",
        "user": 1,
        "content_type": 28
    },
    "model": "admin.logentry",
    "pk": 67
},
{
    "fields": {
        "action_flag": 1,
        "action_time": "2015-07-23T10:54:27.283Z",
        "object_repr": "Aitzurra",
        "object_id": "4",
        "change_message": "",
        "user": 1,
        "content_type": 29
    },
    "model": "admin.logentry",
    "pk": 68
},
{
    "fields": {
        "action_flag": 1,
        "action_time": "2015-07-23T10:55:03.751Z",
        "object_repr": "More iluna",
        "object_id": "9",
        "change_message": "",
        "user": 1,
        "content_type": 28
    },
    "model": "admin.logentry",
    "pk": 69
},
{
    "fields": {
        "action_flag": 1,
        "action_time": "2015-07-23T10:55:12.738Z",
        "object_repr": "Amapola morea",
        "object_id": "5",
        "change_message": "",
        "user": 1,
        "content_type": 29
    },
    "model": "admin.logentry",
    "pk": 70
},
{
    "fields": {
        "action_flag": 1,
        "action_time": "2015-07-23T10:55:43.240Z",
        "object_repr": "Zebra bidea",
        "object_id": "6",
        "change_message": "",
        "user": 1,
        "content_type": 29
    },
    "model": "admin.logentry",
    "pk": 71
},
{
    "fields": {
        "action_flag": 1,
        "action_time": "2015-07-23T10:56:32.300Z",
        "object_repr": "Hari gorria",
        "object_id": "7",
        "change_message": "",
        "user": 1,
        "content_type": 29
    },
    "model": "admin.logentry",
    "pk": 72
},
{
    "fields": {
        "action_flag": 1,
        "action_time": "2015-07-23T10:57:06.334Z",
        "object_repr": "Ezker gantxoa",
        "object_id": "8",
        "change_message": "",
        "user": 1,
        "content_type": 29
    },
    "model": "admin.logentry",
    "pk": 73
},
{
    "fields": {
        "action_flag": 1,
        "action_time": "2015-07-23T10:58:48.988Z",
        "object_repr": "Arroxa",
        "object_id": "10",
        "change_message": "",
        "user": 1,
        "content_type": 28
    },
    "model": "admin.logentry",
    "pk": 74
},
{
    "fields": {
        "action_flag": 1,
        "action_time": "2015-07-23T10:59:00.617Z",
        "object_repr": "Aiako harrikada",
        "object_id": "9",
        "change_message": "",
        "user": 1,
        "content_type": 29
    },
    "model": "admin.logentry",
    "pk": 75
},
{
    "fields": {
        "action_flag": 1,
        "action_time": "2015-07-23T10:59:28.443Z",
        "object_repr": "Horia",
        "object_id": "11",
        "change_message": "",
        "user": 1,
        "content_type": 28
    },
    "model": "admin.logentry",
    "pk": 76
},
{
    "fields": {
        "action_flag": 1,
        "action_time": "2015-07-23T10:59:37.724Z",
        "object_repr": "Bazkalaurrekoa",
        "object_id": "10",
        "change_message": "",
        "user": 1,
        "content_type": 29
    },
    "model": "admin.logentry",
    "pk": 77
},
{
    "fields": {
        "action_flag": 1,
        "action_time": "2015-07-23T11:00:11.440Z",
        "object_repr": "urdina",
        "object_id": "12",
        "change_message": "",
        "user": 1,
        "content_type": 28
    },
    "model": "admin.logentry",
    "pk": 78
},
{
    "fields": {
        "action_flag": 1,
        "action_time": "2015-07-23T11:00:20.879Z",
        "object_repr": "Bidasoaldeko Efemerideak",
        "object_id": "11",
        "change_message": "",
        "user": 1,
        "content_type": 29
    },
    "model": "admin.logentry",
    "pk": 79
},
{
    "fields": {
        "action_flag": 1,
        "action_time": "2015-07-23T11:00:54.502Z",
        "object_repr": "Urdin iluna",
        "object_id": "13",
        "change_message": "",
        "user": 1,
        "content_type": 28
    },
    "model": "admin.logentry",
    "pk": 80
},
{
    "fields": {
        "action_flag": 1,
        "action_time": "2015-07-23T11:01:05.918Z",
        "object_repr": "Donostiko 59. Zinemaldia",
        "object_id": "12",
        "change_message": "",
        "user": 1,
        "content_type": 29
    },
    "model": "admin.logentry",
    "pk": 81
},
{
    "fields": {
        "action_flag": 1,
        "action_time": "2015-07-23T11:01:37.294Z",
        "object_repr": "Urdin fosfi",
        "object_id": "14",
        "change_message": "",
        "user": 1,
        "content_type": 28
    },
    "model": "admin.logentry",
    "pk": 82
},
{
    "fields": {
        "action_flag": 1,
        "action_time": "2015-07-23T11:01:57.002Z",
        "object_repr": "Elkarrizketak / Erreportaiak / Kolaborazioak",
        "object_id": "13",
        "change_message": "",
        "user": 1,
        "content_type": 29
    },
    "model": "admin.logentry",
    "pk": 83
},
{
    "fields": {
        "action_flag": 1,
        "action_time": "2015-07-23T11:02:30.407Z",
        "object_repr": "Herri pilulak",
        "object_id": "14",
        "change_message": "",
        "user": 1,
        "content_type": 29
    },
    "model": "admin.logentry",
    "pk": 84
},
{
    "fields": {
        "action_flag": 1,
        "action_time": "2015-07-23T11:03:04.970Z",
        "object_repr": "Kale kantoian",
        "object_id": "15",
        "change_message": "",
        "user": 1,
        "content_type": 29
    },
    "model": "admin.logentry",
    "pk": 85
},
{
    "fields": {
        "action_flag": 1,
        "action_time": "2015-07-23T11:03:33.472Z",
        "object_repr": "Musika klik",
        "object_id": "16",
        "change_message": "",
        "user": 1,
        "content_type": 29
    },
    "model": "admin.logentry",
    "pk": 86
},
{
    "fields": {
        "action_flag": 1,
        "action_time": "2015-07-23T11:04:18.391Z",
        "object_repr": "Gure kunka",
        "object_id": "17",
        "change_message": "",
        "user": 1,
        "content_type": 29
    },
    "model": "admin.logentry",
    "pk": 87
},
{
    "fields": {
        "action_flag": 2,
        "action_time": "2015-07-23T12:38:01.416Z",
        "object_repr": "Urdin fosfi",
        "object_id": "14",
        "change_message": "No fields changed.",
        "user": 1,
        "content_type": 28
    },
    "model": "admin.logentry",
    "pk": 88
},
{
    "fields": {
        "action_flag": 1,
        "action_time": "2015-07-23T12:59:28.297Z",
        "object_repr": "Kaixo",
        "object_id": "9",
        "change_message": "",
        "user": 1,
        "content_type": 20
    },
    "model": "admin.logentry",
    "pk": 89
}
]
